,month,state,year,mean_pct,time
0,Apr,Alabama,2015-2016,45.13333333333333,2016-04-15
1,Apr,Alabama,2016-2017,43.644444444444446,2017-04-15
2,Apr,Alaska,2015-2016,39.72777777777779,2016-04-15
3,Apr,Alaska,2016-2017,39.55555555555556,2017-04-15
4,Apr,Arizona,2015-2016,42.00000000000001,2016-04-15
5,Apr,Arizona,2016-2017,40.922222222222224,2017-04-15
6,Apr,Arkansas,2015-2016,45.53333333333333,2016-04-15
7,Apr,Arkansas,2016-2017,45.66111111111112,2017-04-15
8,Apr,California,2015-2016,44.15555555555555,2016-04-15
9,Apr,California,2016-2017,48.62777777777777,2017-04-15
10,Apr,Colorado,2015-2016,49.577777777777776,2016-04-15
11,Apr,Colorado,2016-2017,50.91111111111112,2017-04-15
12,Apr,Connecticut,2015-2016,53.32222222222222,2016-04-15
13,Apr,Connecticut,2016-2017,53.611111111111114,2017-04-15
14,Apr,Delaware,2015-2016,51.361111111111114,2016-04-15
15,Apr,Delaware,2016-2017,51.8111111111111,2017-04-15
16,Apr,Florida,2015-2016,38.099999999999994,2016-04-15
17,Apr,Florida,2016-2017,41.74999999999999,2017-04-15
18,Apr,Georgia,2015-2016,40.62777777777777,2016-04-15
19,Apr,Georgia,2016-2017,43.044444444444444,2017-04-15
20,Apr,Hawaii,2015-2016,50.16111111111111,2016-04-15
21,Apr,Hawaii,2016-2017,49.26111111111111,2017-04-15
22,Apr,Idaho,2015-2016,39.37222222222223,2016-04-15
23,Apr,Idaho,2016-2017,39.70555555555555,2017-04-15
24,Apr,Illinois,2015-2016,43.42777777777778,2016-04-15
25,Apr,Illinois,2016-2017,41.75555555555556,2017-04-15
26,Apr,Indiana,2015-2016,43.18888888888889,2016-04-15
27,Apr,Indiana,2016-2017,43.066666666666656,2017-04-15
28,Apr,Iowa,2015-2016,50.90555555555556,2016-04-15
29,Apr,Iowa,2016-2017,51.01111111111111,2017-04-15
30,Apr,Kansas,2015-2016,44.29444444444445,2016-04-15
31,Apr,Kansas,2016-2017,44.31111111111111,2017-04-15
32,Apr,Kentucky,2015-2016,43.30555555555556,2016-04-15
33,Apr,Kentucky,2016-2017,44.71666666666666,2017-04-15
34,Apr,Louisiana,2015-2016,43.016666666666666,2016-04-15
35,Apr,Louisiana,2016-2017,41.7611111111111,2017-04-15
36,Apr,Maine,2015-2016,48.22222222222222,2016-04-15
37,Apr,Maine,2016-2017,49.68888888888888,2017-04-15
38,Apr,Maryland,2015-2016,52.82222222222222,2016-04-15
39,Apr,Maryland,2016-2017,53.80555555555554,2017-04-15
40,Apr,Massachusetts,2015-2016,52.12777777777777,2016-04-15
41,Apr,Massachusetts,2016-2017,51.72222222222222,2017-04-15
42,Apr,Michigan,2015-2016,42.605555555555554,2016-04-15
43,Apr,Michigan,2016-2017,43.627777777777766,2017-04-15
44,Apr,Minnesota,2015-2016,50.300000000000004,2016-04-15
45,Apr,Minnesota,2016-2017,51.516666666666666,2017-04-15
46,Apr,Mississippi,2015-2016,41.761111111111106,2016-04-15
47,Apr,Mississippi,2016-2017,40.916666666666664,2017-04-15
48,Apr,Missouri,2015-2016,47.0111111111111,2016-04-15
49,Apr,Missouri,2016-2017,45.60555555555556,2017-04-15
50,Apr,Montana,2015-2016,43.6764705882353,2016-04-15
51,Apr,Montana,2016-2017,42.74705882352942,2017-04-15
52,Apr,Nebraska,2015-2016,50.88333333333333,2016-04-15
53,Apr,Nebraska,2016-2017,52.272222222222226,2017-04-15
54,Apr,Nevada,2015-2016,36.972222222222214,2016-04-15
55,Apr,Nevada,2016-2017,36.227777777777774,2017-04-15
56,Apr,New Hampshire,2015-2016,53.272222222222226,2016-04-15
57,Apr,New Hampshire,2016-2017,51.111111111111114,2017-04-15
58,Apr,New Jersey,2015-2016,47.48888888888889,2016-04-15
59,Apr,New Jersey,2016-2017,49.33333333333333,2017-04-15
60,Apr,New Mexico,2015-2016,47.84444444444444,2016-04-15
61,Apr,New Mexico,2016-2017,49.91666666666667,2017-04-15
62,Apr,New York,2015-2016,50.71666666666666,2016-04-15
63,Apr,New York,2016-2017,50.23333333333333,2017-04-15
64,Apr,North Carolina,2015-2016,49.93888888888889,2016-04-15
65,Apr,North Carolina,2016-2017,50.90555555555556,2017-04-15
66,Apr,North Dakota,2015-2016,49.9388888888889,2016-04-15
67,Apr,North Dakota,2016-2017,48.25000000000001,2017-04-15
68,Apr,Ohio,2015-2016,43.28333333333333,2016-04-15
69,Apr,Ohio,2016-2017,46.01666666666667,2017-04-15
70,Apr,Oklahoma,2015-2016,45.761111111111106,2016-04-15
71,Apr,Oklahoma,2016-2017,47.3111111111111,2017-04-15
72,Apr,Oregon,2015-2016,41.90555555555556,2016-04-15
73,Apr,Oregon,2016-2017,39.58888888888889,2017-04-15
74,Apr,Pennsylvania,2015-2016,48.7611111111111,2016-04-15
75,Apr,Pennsylvania,2016-2017,53.41111111111111,2017-04-15
76,Apr,Rhode Island,2015-2016,57.333333333333336,2016-04-15
77,Apr,Rhode Island,2016-2017,55.76111111111112,2017-04-15
78,Apr,South Carolina,2015-2016,46.361111111111114,2016-04-15
79,Apr,South Carolina,2016-2017,46.53888888888889,2017-04-15
80,Apr,South Dakota,2015-2016,57.29444444444443,2016-04-15
81,Apr,South Dakota,2016-2017,53.48333333333332,2017-04-15
82,Apr,Tennessee,2015-2016,46.94444444444444,2016-04-15
83,Apr,Tennessee,2016-2017,44.77777777777778,2017-04-15
84,Apr,Texas,2015-2016,47.80555555555556,2016-04-15
85,Apr,Texas,2016-2017,43.261111111111106,2017-04-15
86,Apr,Utah,2015-2016,44.211111111111116,2016-04-15
87,Apr,Utah,2016-2017,44.270588235294134,2017-04-15
88,Apr,Vermont,2015-2016,51.01111111111112,2016-04-15
89,Apr,Vermont,2016-2017,48.57222222222222,2017-04-15
90,Apr,Virginia,2015-2016,49.17777777777777,2016-04-15
91,Apr,Virginia,2016-2017,49.794444444444444,2017-04-15
92,Apr,Washington,2015-2016,47.87777777777778,2016-04-15
93,Apr,Washington,2016-2017,48.81666666666668,2017-04-15
94,Apr,West Virginia,2015-2016,48.611111111111114,2016-04-15
95,Apr,West Virginia,2016-2017,49.57777777777778,2017-04-15
96,Apr,Wisconsin,2015-2016,43.31666666666666,2016-04-15
97,Apr,Wisconsin,2016-2017,44.91111111111111,2017-04-15
98,Apr,Wyoming,2015-2016,36.8764705882353,2016-04-15
99,Apr,Wyoming,2016-2017,39.03333333333333,2017-04-15
100,Aug,Alabama,2015-2016,4.44,2015-08-15
101,Aug,Alabama,2016-2017,3.3400000000000007,2016-08-15
102,Aug,Alaska,2015-2016,3.9,2015-08-15
103,Aug,Alaska,2016-2017,2.5250000000000004,2016-08-15
104,Aug,Arizona,2015-2016,3.284615384615385,2015-08-15
105,Aug,Arizona,2016-2017,3.1000000000000005,2016-08-15
106,Aug,Arkansas,2015-2016,3.5799999999999996,2015-08-15
107,Aug,Arkansas,2016-2017,3.333333333333333,2016-08-15
108,Aug,California,2015-2016,3.3333333333333335,2015-08-15
109,Aug,California,2016-2017,3.9999999999999996,2016-08-15
110,Aug,Colorado,2015-2016,2.650000000000001,2015-08-15
111,Aug,Colorado,2016-2017,3.066666666666667,2016-08-15
112,Aug,Connecticut,2015-2016,2.3124999999999996,2015-08-15
113,Aug,Connecticut,2016-2017,3.092857142857143,2016-08-15
114,Aug,Delaware,2015-2016,3.826666666666667,2015-08-15
115,Aug,Delaware,2016-2017,4.89,2016-08-15
116,Aug,Florida,2015-2016,3.7941176470588234,2015-08-15
117,Aug,Florida,2016-2017,4.1722222222222225,2016-08-15
118,Aug,Georgia,2015-2016,3.9399999999999995,2015-08-15
119,Aug,Georgia,2016-2017,4.450000000000001,2016-08-15
120,Aug,Hawaii,2015-2016,4.578571428571428,2015-08-15
121,Aug,Hawaii,2016-2017,4.8687499999999995,2016-08-15
122,Aug,Idaho,2015-2016,2.225,2015-08-15
123,Aug,Idaho,2016-2017,2.016666666666667,2016-08-15
124,Aug,Illinois,2015-2016,4.109090909090909,2015-08-15
125,Aug,Illinois,2016-2017,3.7999999999999994,2016-08-15
126,Aug,Indiana,2015-2016,2.2363636363636368,2015-08-15
127,Aug,Indiana,2016-2017,2.988235294117647,2016-08-15
128,Aug,Iowa,2015-2016,2.8499999999999996,2015-08-15
129,Aug,Iowa,2016-2017,2.627272727272727,2016-08-15
130,Aug,Kansas,2015-2016,2.55625,2015-08-15
131,Aug,Kansas,2016-2017,2.1615384615384614,2016-08-15
132,Aug,Kentucky,2015-2016,2.469230769230769,2015-08-15
133,Aug,Kentucky,2016-2017,2.741666666666667,2016-08-15
134,Aug,Louisiana,2015-2016,5.009090909090909,2015-08-15
135,Aug,Louisiana,2016-2017,4.214285714285714,2016-08-15
136,Aug,Maine,2015-2016,1.7000000000000002,2015-08-15
137,Aug,Maine,2016-2017,1.85,2016-08-15
138,Aug,Maryland,2015-2016,2.407692307692307,2015-08-15
139,Aug,Maryland,2016-2017,2.833333333333333,2016-08-15
140,Aug,Massachusetts,2015-2016,3.7625000000000006,2015-08-15
141,Aug,Massachusetts,2016-2017,2.9142857142857146,2016-08-15
142,Aug,Michigan,2015-2016,2.933333333333333,2015-08-15
143,Aug,Michigan,2016-2017,2.52,2016-08-15
144,Aug,Minnesota,2015-2016,2.7133333333333334,2015-08-15
145,Aug,Minnesota,2016-2017,2.2999999999999994,2016-08-15
146,Aug,Mississippi,2015-2016,3.8400000000000007,2015-08-15
147,Aug,Mississippi,2016-2017,3.05,2016-08-15
148,Aug,Missouri,2015-2016,2.8181818181818183,2015-08-15
149,Aug,Missouri,2016-2017,4.1,2016-08-15
150,Aug,Montana,2015-2016,1.9714285714285715,2015-08-15
151,Aug,Montana,2016-2017,3.2833333333333337,2016-08-15
152,Aug,Nebraska,2015-2016,2.516666666666666,2015-08-15
153,Aug,Nebraska,2016-2017,2.7357142857142853,2016-08-15
154,Aug,Nevada,2015-2016,4.869999999999999,2015-08-15
155,Aug,Nevada,2016-2017,3.6666666666666665,2016-08-15
156,Aug,New Hampshire,2015-2016,1.3800000000000001,2015-08-15
157,Aug,New Hampshire,2016-2017,2.4454545454545458,2016-08-15
158,Aug,New Jersey,2015-2016,3.2083333333333335,2015-08-15
159,Aug,New Jersey,2016-2017,2.9799999999999995,2016-08-15
160,Aug,New Mexico,2015-2016,3.1090909090909093,2015-08-15
161,Aug,New Mexico,2016-2017,4.284615384615385,2016-08-15
162,Aug,New York,2015-2016,3.005882352941176,2015-08-15
163,Aug,New York,2016-2017,3.2470588235294118,2016-08-15
164,Aug,North Carolina,2015-2016,2.4066666666666667,2015-08-15
165,Aug,North Carolina,2016-2017,3.3214285714285716,2016-08-15
166,Aug,North Dakota,2015-2016,1.8874999999999997,2015-08-15
167,Aug,North Dakota,2016-2017,2.1272727272727274,2016-08-15
168,Aug,Ohio,2015-2016,2.815384615384615,2015-08-15
169,Aug,Ohio,2016-2017,2.9266666666666667,2016-08-15
170,Aug,Oklahoma,2015-2016,2.516666666666666,2015-08-15
171,Aug,Oklahoma,2016-2017,1.9083333333333332,2016-08-15
172,Aug,Oregon,2015-2016,2.5833333333333335,2015-08-15
173,Aug,Oregon,2016-2017,2.2222222222222223,2016-08-15
174,Aug,Pennsylvania,2015-2016,2.621428571428571,2015-08-15
175,Aug,Pennsylvania,2016-2017,3.0750000000000006,2016-08-15
176,Aug,Rhode Island,2015-2016,3.0416666666666665,2015-08-15
177,Aug,Rhode Island,2016-2017,3.7299999999999995,2016-08-15
178,Aug,South Carolina,2015-2016,3.420000000000001,2015-08-15
179,Aug,South Carolina,2016-2017,3.55625,2016-08-15
180,Aug,South Dakota,2015-2016,2.68,2015-08-15
181,Aug,South Dakota,2016-2017,3.733333333333334,2016-08-15
182,Aug,Tennessee,2015-2016,3.8249999999999993,2015-08-15
183,Aug,Tennessee,2016-2017,3.257142857142857,2016-08-15
184,Aug,Texas,2015-2016,4.04,2015-08-15
185,Aug,Texas,2016-2017,4.359999999999999,2016-08-15
186,Aug,Utah,2015-2016,3.1666666666666665,2015-08-15
187,Aug,Utah,2016-2017,2.1076923076923078,2016-08-15
188,Aug,Vermont,2015-2016,1.8222222222222224,2015-08-15
189,Aug,Vermont,2016-2017,1.9375000000000002,2016-08-15
190,Aug,Virginia,2015-2016,2.7166666666666663,2015-08-15
191,Aug,Virginia,2016-2017,3.188235294117647,2016-08-15
192,Aug,Washington,2015-2016,2.3466666666666662,2015-08-15
193,Aug,Washington,2016-2017,2.0142857142857142,2016-08-15
194,Aug,West Virginia,2015-2016,2.7363636363636363,2015-08-15
195,Aug,West Virginia,2016-2017,2.541666666666666,2016-08-15
196,Aug,Wisconsin,2015-2016,2.4833333333333334,2015-08-15
197,Aug,Wisconsin,2016-2017,2.69,2016-08-15
198,Aug,Wyoming,2015-2016,1.6875,2015-08-15
199,Aug,Wyoming,2016-2017,1.8333333333333337,2016-08-15
200,Dec,Alabama,2015-2016,39.255555555555546,2015-12-15
201,Dec,Alabama,2016-2017,37.90555555555555,2016-12-15
202,Dec,Alaska,2015-2016,34.07222222222222,2015-12-15
203,Dec,Alaska,2016-2017,34.794444444444444,2016-12-15
204,Dec,Arizona,2015-2016,36.38333333333334,2015-12-15
205,Dec,Arizona,2016-2017,35.47222222222222,2016-12-15
206,Dec,Arkansas,2015-2016,40.35,2015-12-15
207,Dec,Arkansas,2016-2017,41.266666666666666,2016-12-15
208,Dec,California,2015-2016,37.633333333333326,2015-12-15
209,Dec,California,2016-2017,40.58888888888889,2016-12-15
210,Dec,Colorado,2015-2016,42.87222222222223,2015-12-15
211,Dec,Colorado,2016-2017,43.25000000000001,2016-12-15
212,Dec,Connecticut,2015-2016,48.27222222222223,2015-12-15
213,Dec,Connecticut,2016-2017,47.855555555555554,2016-12-15
214,Dec,Delaware,2015-2016,45.083333333333336,2015-12-15
215,Dec,Delaware,2016-2017,46.477777777777774,2016-12-15
216,Dec,Florida,2015-2016,31.13888888888889,2015-12-15
217,Dec,Florida,2016-2017,33.288888888888884,2016-12-15
218,Dec,Georgia,2015-2016,36.41111111111111,2015-12-15
219,Dec,Georgia,2016-2017,36.861111111111114,2016-12-15
220,Dec,Hawaii,2015-2016,42.33333333333334,2015-12-15
221,Dec,Hawaii,2016-2017,39.03333333333333,2016-12-15
222,Dec,Idaho,2015-2016,34.99444444444444,2015-12-15
223,Dec,Idaho,2016-2017,33.88823529411765,2016-12-15
224,Dec,Illinois,2015-2016,38.23888888888889,2015-12-15
225,Dec,Illinois,2016-2017,37.922222222222224,2016-12-15
226,Dec,Indiana,2015-2016,38.03333333333333,2015-12-15
227,Dec,Indiana,2016-2017,37.77222222222222,2016-12-15
228,Dec,Iowa,2015-2016,46.749999999999986,2015-12-15
229,Dec,Iowa,2016-2017,46.23333333333334,2016-12-15
230,Dec,Kansas,2015-2016,40.69444444444444,2015-12-15
231,Dec,Kansas,2016-2017,39.449999999999996,2016-12-15
232,Dec,Kentucky,2015-2016,38.52222222222222,2015-12-15
233,Dec,Kentucky,2016-2017,38.21666666666667,2016-12-15
234,Dec,Louisiana,2015-2016,33.894444444444446,2015-12-15
235,Dec,Louisiana,2016-2017,32.9,2016-12-15
236,Dec,Maine,2015-2016,42.705555555555556,2015-12-15
237,Dec,Maine,2016-2017,44.0,2016-12-15
238,Dec,Maryland,2015-2016,46.21666666666667,2015-12-15
239,Dec,Maryland,2016-2017,46.638888888888886,2016-12-15
240,Dec,Massachusetts,2015-2016,45.55555555555556,2015-12-15
241,Dec,Massachusetts,2016-2017,46.4,2016-12-15
242,Dec,Michigan,2015-2016,35.822222222222216,2015-12-15
243,Dec,Michigan,2016-2017,38.43333333333333,2016-12-15
244,Dec,Minnesota,2015-2016,45.73333333333333,2015-12-15
245,Dec,Minnesota,2016-2017,45.81111111111112,2016-12-15
246,Dec,Mississippi,2015-2016,35.47777777777778,2015-12-15
247,Dec,Mississippi,2016-2017,34.2,2016-12-15
248,Dec,Missouri,2015-2016,41.6,2015-12-15
249,Dec,Missouri,2016-2017,42.08888888888889,2016-12-15
250,Dec,Montana,2015-2016,38.305882352941175,2015-12-15
251,Dec,Montana,2016-2017,37.12352941176471,2016-12-15
252,Dec,Nebraska,2015-2016,45.23333333333333,2015-12-15
253,Dec,Nebraska,2016-2017,47.21111111111111,2016-12-15
254,Dec,Nevada,2015-2016,32.66666666666666,2015-12-15
255,Dec,Nevada,2016-2017,30.472222222222214,2016-12-15
256,Dec,New Hampshire,2015-2016,45.838888888888874,2015-12-15
257,Dec,New Hampshire,2016-2017,44.83888888888889,2016-12-15
258,Dec,New Jersey,2015-2016,40.94444444444445,2015-12-15
259,Dec,New Jersey,2016-2017,41.74444444444445,2016-12-15
260,Dec,New Mexico,2015-2016,42.65555555555555,2015-12-15
261,Dec,New Mexico,2016-2017,43.25,2016-12-15
262,Dec,New York,2015-2016,43.21666666666667,2015-12-15
263,Dec,New York,2016-2017,43.077777777777776,2016-12-15
264,Dec,North Carolina,2015-2016,42.16111111111112,2015-12-15
265,Dec,North Carolina,2016-2017,42.866666666666674,2016-12-15
266,Dec,North Dakota,2015-2016,45.555555555555564,2015-12-15
267,Dec,North Dakota,2016-2017,43.69444444444444,2016-12-15
268,Dec,Ohio,2015-2016,38.49444444444445,2015-12-15
269,Dec,Ohio,2016-2017,39.672222222222224,2016-12-15
270,Dec,Oklahoma,2015-2016,40.83333333333334,2015-12-15
271,Dec,Oklahoma,2016-2017,40.86666666666667,2016-12-15
272,Dec,Oregon,2015-2016,37.983333333333334,2015-12-15
273,Dec,Oregon,2016-2017,34.77222222222222,2016-12-15
274,Dec,Pennsylvania,2015-2016,43.68888888888889,2015-12-15
275,Dec,Pennsylvania,2016-2017,46.105555555555554,2016-12-15
276,Dec,Rhode Island,2015-2016,50.63888888888889,2015-12-15
277,Dec,Rhode Island,2016-2017,48.7,2016-12-15
278,Dec,South Carolina,2015-2016,38.077777777777776,2015-12-15
279,Dec,South Carolina,2016-2017,39.59444444444444,2016-12-15
280,Dec,South Dakota,2015-2016,52.51666666666666,2015-12-15
281,Dec,South Dakota,2016-2017,47.855555555555554,2016-12-15
282,Dec,Tennessee,2015-2016,40.65,2015-12-15
283,Dec,Tennessee,2016-2017,37.81111111111111,2016-12-15
284,Dec,Texas,2015-2016,40.711111111111116,2015-12-15
285,Dec,Texas,2016-2017,37.06666666666668,2016-12-15
286,Dec,Utah,2015-2016,40.538888888888884,2015-12-15
287,Dec,Utah,2016-2017,39.53529411764706,2016-12-15
288,Dec,Vermont,2015-2016,47.82222222222222,2015-12-15
289,Dec,Vermont,2016-2017,43.00555555555555,2016-12-15
290,Dec,Virginia,2015-2016,44.0,2015-12-15
291,Dec,Virginia,2016-2017,42.83888888888889,2016-12-15
292,Dec,Washington,2015-2016,41.6888888888889,2015-12-15
293,Dec,Washington,2016-2017,41.37222222222223,2016-12-15
294,Dec,West Virginia,2015-2016,43.22777777777778,2015-12-15
295,Dec,West Virginia,2016-2017,43.983333333333334,2016-12-15
296,Dec,Wisconsin,2015-2016,39.777777777777786,2015-12-15
297,Dec,Wisconsin,2016-2017,39.76111111111111,2016-12-15
298,Dec,Wyoming,2015-2016,34.12352941176471,2015-12-15
299,Dec,Wyoming,2016-2017,35.17647058823529,2016-12-15
300,Feb,Alabama,2015-2016,43.94444444444444,2016-02-15
301,Feb,Alabama,2016-2017,42.14444444444444,2017-02-15
302,Feb,Alaska,2015-2016,38.02222222222222,2016-02-15
303,Feb,Alaska,2016-2017,38.47222222222222,2017-02-15
304,Feb,Arizona,2015-2016,40.61666666666667,2016-02-15
305,Feb,Arizona,2016-2017,39.827777777777776,2017-02-15
306,Feb,Arkansas,2015-2016,44.36666666666666,2016-02-15
307,Feb,Arkansas,2016-2017,44.722222222222214,2017-02-15
308,Feb,California,2015-2016,42.26111111111111,2016-02-15
309,Feb,California,2016-2017,47.22777777777779,2017-02-15
310,Feb,Colorado,2015-2016,47.24999999999999,2016-02-15
311,Feb,Colorado,2016-2017,48.24444444444444,2017-02-15
312,Feb,Connecticut,2015-2016,52.31666666666666,2016-02-15
313,Feb,Connecticut,2016-2017,52.18333333333333,2017-02-15
314,Feb,Delaware,2015-2016,49.03333333333333,2016-02-15
315,Feb,Delaware,2016-2017,50.583333333333336,2017-02-15
316,Feb,Florida,2015-2016,36.58888888888889,2016-02-15
317,Feb,Florida,2016-2017,38.63333333333333,2017-02-15
318,Feb,Georgia,2015-2016,39.67777777777778,2016-02-15
319,Feb,Georgia,2016-2017,42.27777777777777,2017-02-15
320,Feb,Hawaii,2015-2016,46.96111111111111,2016-02-15
321,Feb,Hawaii,2016-2017,46.099999999999994,2017-02-15
322,Feb,Idaho,2015-2016,38.62777777777778,2016-02-15
323,Feb,Idaho,2016-2017,38.772222222222226,2017-02-15
324,Feb,Illinois,2015-2016,41.81666666666667,2016-02-15
325,Feb,Illinois,2016-2017,40.83888888888889,2017-02-15
326,Feb,Indiana,2015-2016,42.044444444444444,2016-02-15
327,Feb,Indiana,2016-2017,41.57222222222222,2017-02-15
328,Feb,Iowa,2015-2016,50.16666666666667,2016-02-15
329,Feb,Iowa,2016-2017,49.827777777777776,2017-02-15
330,Feb,Kansas,2015-2016,43.4388888888889,2016-02-15
331,Feb,Kansas,2016-2017,42.72777777777779,2017-02-15
332,Feb,Kentucky,2015-2016,41.95555555555556,2016-02-15
333,Feb,Kentucky,2016-2017,43.01666666666668,2017-02-15
334,Feb,Louisiana,2015-2016,40.52222222222222,2016-02-15
335,Feb,Louisiana,2016-2017,39.227777777777774,2017-02-15
336,Feb,Maine,2015-2016,47.17222222222223,2016-02-15
337,Feb,Maine,2016-2017,48.58888888888888,2017-02-15
338,Feb,Maryland,2015-2016,51.711111111111116,2016-02-15
339,Feb,Maryland,2016-2017,51.42222222222222,2017-02-15
340,Feb,Massachusetts,2015-2016,50.30555555555554,2016-02-15
341,Feb,Massachusetts,2016-2017,50.166666666666664,2017-02-15
342,Feb,Michigan,2015-2016,40.794444444444444,2016-02-15
343,Feb,Michigan,2016-2017,42.33333333333334,2017-02-15
344,Feb,Minnesota,2015-2016,49.21666666666667,2016-02-15
345,Feb,Minnesota,2016-2017,49.5611111111111,2017-02-15
346,Feb,Mississippi,2015-2016,39.56111111111111,2016-02-15
347,Feb,Mississippi,2016-2017,38.5611111111111,2017-02-15
348,Feb,Missouri,2015-2016,44.9388888888889,2016-02-15
349,Feb,Missouri,2016-2017,44.97777777777778,2017-02-15
350,Feb,Montana,2015-2016,42.53529411764707,2016-02-15
351,Feb,Montana,2016-2017,41.7235294117647,2017-02-15
352,Feb,Nebraska,2015-2016,49.56111111111112,2016-02-15
353,Feb,Nebraska,2016-2017,50.90555555555555,2017-02-15
354,Feb,Nevada,2015-2016,35.81666666666667,2016-02-15
355,Feb,Nevada,2016-2017,34.43333333333334,2017-02-15
356,Feb,New Hampshire,2015-2016,50.22222222222222,2016-02-15
357,Feb,New Hampshire,2016-2017,48.394444444444446,2017-02-15
358,Feb,New Jersey,2015-2016,45.54444444444445,2016-02-15
359,Feb,New Jersey,2016-2017,47.194444444444436,2017-02-15
360,Feb,New Mexico,2015-2016,46.4,2016-02-15
361,Feb,New Mexico,2016-2017,47.911111111111104,2017-02-15
362,Feb,New York,2015-2016,48.827777777777776,2016-02-15
363,Feb,New York,2016-2017,48.85555555555555,2017-02-15
364,Feb,North Carolina,2015-2016,46.861111111111114,2016-02-15
365,Feb,North Carolina,2016-2017,48.52777777777778,2017-02-15
366,Feb,North Dakota,2015-2016,48.46111111111111,2016-02-15
367,Feb,North Dakota,2016-2017,47.388888888888886,2017-02-15
368,Feb,Ohio,2015-2016,41.45555555555556,2016-02-15
369,Feb,Ohio,2016-2017,44.51666666666667,2017-02-15
370,Feb,Oklahoma,2015-2016,44.6,2016-02-15
371,Feb,Oklahoma,2016-2017,45.62222222222222,2017-02-15
372,Feb,Oregon,2015-2016,40.83333333333334,2016-02-15
373,Feb,Oregon,2016-2017,38.66111111111111,2017-02-15
374,Feb,Pennsylvania,2015-2016,47.39444444444445,2016-02-15
375,Feb,Pennsylvania,2016-2017,51.016666666666666,2017-02-15
376,Feb,Rhode Island,2015-2016,55.79444444444445,2016-02-15
377,Feb,Rhode Island,2016-2017,53.911111111111104,2017-02-15
378,Feb,South Carolina,2015-2016,43.39444444444444,2016-02-15
379,Feb,South Carolina,2016-2017,45.455555555555556,2017-02-15
380,Feb,South Dakota,2015-2016,56.09999999999999,2016-02-15
381,Feb,South Dakota,2016-2017,52.60555555555555,2017-02-15
382,Feb,Tennessee,2015-2016,45.18333333333332,2016-02-15
383,Feb,Tennessee,2016-2017,42.53333333333333,2017-02-15
384,Feb,Texas,2015-2016,45.29444444444445,2016-02-15
385,Feb,Texas,2016-2017,41.70555555555555,2017-02-15
386,Feb,Utah,2015-2016,43.18333333333333,2016-02-15
387,Feb,Utah,2016-2017,42.594117647058816,2017-02-15
388,Feb,Vermont,2015-2016,50.5388888888889,2016-02-15
389,Feb,Vermont,2016-2017,47.650000000000006,2017-02-15
390,Feb,Virginia,2015-2016,47.49444444444445,2016-02-15
391,Feb,Virginia,2016-2017,48.07777777777777,2017-02-15
392,Feb,Washington,2015-2016,46.46666666666666,2016-02-15
393,Feb,Washington,2016-2017,46.74444444444444,2017-02-15
394,Feb,West Virginia,2015-2016,47.00555555555556,2016-02-15
395,Feb,West Virginia,2016-2017,48.63888888888889,2017-02-15
396,Feb,Wisconsin,2015-2016,42.04999999999999,2016-02-15
397,Feb,Wisconsin,2016-2017,44.16111111111111,2017-02-15
398,Feb,Wyoming,2015-2016,35.99411764705883,2016-02-15
399,Feb,Wyoming,2016-2017,38.5,2017-02-15
400,Jan,Alabama,2015-2016,41.91111111111111,2016-01-15
401,Jan,Alabama,2016-2017,40.56666666666666,2017-01-15
402,Jan,Alaska,2015-2016,36.18888888888889,2016-01-15
403,Jan,Alaska,2016-2017,37.06666666666667,2017-01-15
404,Jan,Arizona,2015-2016,38.788888888888884,2016-01-15
405,Jan,Arizona,2016-2017,38.238888888888894,2017-01-15
406,Jan,Arkansas,2015-2016,42.82777777777778,2016-01-15
407,Jan,Arkansas,2016-2017,43.71666666666667,2017-01-15
408,Jan,California,2015-2016,40.55555555555557,2016-01-15
409,Jan,California,2016-2017,44.23333333333333,2017-01-15
410,Jan,Colorado,2015-2016,45.09444444444444,2016-01-15
411,Jan,Colorado,2016-2017,46.316666666666656,2017-01-15
412,Jan,Connecticut,2015-2016,50.67222222222221,2016-01-15
413,Jan,Connecticut,2016-2017,50.550000000000004,2017-01-15
414,Jan,Delaware,2015-2016,47.30555555555556,2016-01-15
415,Jan,Delaware,2016-2017,49.161111111111104,2017-01-15
416,Jan,Florida,2015-2016,34.81666666666667,2016-01-15
417,Jan,Florida,2016-2017,36.25000000000001,2017-01-15
418,Jan,Georgia,2015-2016,38.44444444444444,2016-01-15
419,Jan,Georgia,2016-2017,39.82777777777778,2017-01-15
420,Jan,Hawaii,2015-2016,45.44444444444445,2016-01-15
421,Jan,Hawaii,2016-2017,43.05555555555555,2017-01-15
422,Jan,Idaho,2015-2016,37.27777777777779,2016-01-15
423,Jan,Idaho,2016-2017,36.08235294117648,2017-01-15
424,Jan,Illinois,2015-2016,40.40555555555555,2016-01-15
425,Jan,Illinois,2016-2017,40.13888888888889,2017-01-15
426,Jan,Indiana,2015-2016,40.33333333333334,2016-01-15
427,Jan,Indiana,2016-2017,39.894444444444446,2017-01-15
428,Jan,Iowa,2015-2016,49.00555555555556,2016-01-15
429,Jan,Iowa,2016-2017,48.23333333333333,2017-01-15
430,Jan,Kansas,2015-2016,42.54444444444445,2016-01-15
431,Jan,Kansas,2016-2017,41.41666666666667,2017-01-15
432,Jan,Kentucky,2015-2016,40.738888888888894,2016-01-15
433,Jan,Kentucky,2016-2017,41.08888888888889,2017-01-15
434,Jan,Louisiana,2015-2016,38.08888888888889,2016-01-15
435,Jan,Louisiana,2016-2017,36.33888888888889,2017-01-15
436,Jan,Maine,2015-2016,45.66111111111112,2016-01-15
437,Jan,Maine,2016-2017,46.472222222222214,2017-01-15
438,Jan,Maryland,2015-2016,49.638888888888886,2016-01-15
439,Jan,Maryland,2016-2017,49.49444444444445,2017-01-15
440,Jan,Massachusetts,2015-2016,48.599999999999994,2016-01-15
441,Jan,Massachusetts,2016-2017,48.43333333333334,2017-01-15
442,Jan,Michigan,2015-2016,38.65555555555556,2016-01-15
443,Jan,Michigan,2016-2017,40.92222222222223,2017-01-15
444,Jan,Minnesota,2015-2016,47.87777777777777,2016-01-15
445,Jan,Minnesota,2016-2017,48.04999999999999,2017-01-15
446,Jan,Mississippi,2015-2016,37.87222222222223,2016-01-15
447,Jan,Mississippi,2016-2017,37.38888888888889,2017-01-15
448,Jan,Missouri,2015-2016,43.638888888888886,2016-01-15
449,Jan,Missouri,2016-2017,43.77777777777778,2017-01-15
450,Jan,Montana,2015-2016,41.28823529411765,2016-01-15
451,Jan,Montana,2016-2017,39.794117647058826,2017-01-15
452,Jan,Nebraska,2015-2016,47.77777777777778,2016-01-15
453,Jan,Nebraska,2016-2017,49.42222222222221,2017-01-15
454,Jan,Nevada,2015-2016,34.738888888888894,2016-01-15
455,Jan,Nevada,2016-2017,32.87222222222221,2017-01-15
456,Jan,New Hampshire,2015-2016,47.95555555555555,2016-01-15
457,Jan,New Hampshire,2016-2017,46.95,2017-01-15
458,Jan,New Jersey,2015-2016,44.02777777777777,2016-01-15
459,Jan,New Jersey,2016-2017,45.38888888888889,2017-01-15
460,Jan,New Mexico,2015-2016,45.08888888888888,2016-01-15
461,Jan,New Mexico,2016-2017,45.75000000000001,2017-01-15
462,Jan,New York,2015-2016,46.705555555555556,2016-01-15
463,Jan,New York,2016-2017,46.73333333333334,2017-01-15
464,Jan,North Carolina,2015-2016,44.92777777777778,2016-01-15
465,Jan,North Carolina,2016-2017,46.01666666666667,2017-01-15
466,Jan,North Dakota,2015-2016,47.35555555555555,2016-01-15
467,Jan,North Dakota,2016-2017,46.211111111111116,2017-01-15
468,Jan,Ohio,2015-2016,40.405555555555544,2016-01-15
469,Jan,Ohio,2016-2017,42.52222222222221,2017-01-15
470,Jan,Oklahoma,2015-2016,43.133333333333326,2016-01-15
471,Jan,Oklahoma,2016-2017,44.24444444444444,2017-01-15
472,Jan,Oregon,2015-2016,39.57222222222222,2016-01-15
473,Jan,Oregon,2016-2017,37.25000000000001,2017-01-15
474,Jan,Pennsylvania,2015-2016,46.05,2016-01-15
475,Jan,Pennsylvania,2016-2017,49.161111111111104,2017-01-15
476,Jan,Rhode Island,2015-2016,54.333333333333336,2016-01-15
477,Jan,Rhode Island,2016-2017,52.48333333333332,2017-01-15
478,Jan,South Carolina,2015-2016,41.233333333333334,2016-01-15
479,Jan,South Carolina,2016-2017,43.111111111111114,2017-01-15
480,Jan,South Dakota,2015-2016,54.56111111111111,2016-01-15
481,Jan,South Dakota,2016-2017,50.43888888888889,2017-01-15
482,Jan,Tennessee,2015-2016,43.39444444444444,2016-01-15
483,Jan,Tennessee,2016-2017,40.25555555555556,2017-01-15
484,Jan,Texas,2015-2016,43.32222222222222,2016-01-15
485,Jan,Texas,2016-2017,40.08888888888889,2017-01-15
486,Jan,Utah,2015-2016,42.36111111111111,2016-01-15
487,Jan,Utah,2016-2017,41.49411764705881,2017-01-15
488,Jan,Vermont,2015-2016,49.405555555555566,2016-01-15
489,Jan,Vermont,2016-2017,45.81111111111111,2017-01-15
490,Jan,Virginia,2015-2016,46.25555555555556,2016-01-15
491,Jan,Virginia,2016-2017,45.09444444444444,2017-01-15
492,Jan,Washington,2015-2016,44.31111111111112,2016-01-15
493,Jan,Washington,2016-2017,44.855555555555554,2017-01-15
494,Jan,West Virginia,2015-2016,45.2,2016-01-15
495,Jan,West Virginia,2016-2017,47.205555555555556,2017-01-15
496,Jan,Wisconsin,2015-2016,41.099999999999994,2016-01-15
497,Jan,Wisconsin,2016-2017,43.044444444444444,2017-01-15
498,Jan,Wyoming,2015-2016,35.21764705882353,2016-01-15
499,Jan,Wyoming,2016-2017,37.241176470588236,2017-01-15
500,Jul,Alabama,2015-2016,1.7,2015-07-15
501,Jul,Alabama,2016-2017,0.8999999999999999,2016-07-15
502,Jul,Alaska,2015-2016,1.15,2015-07-15
503,Jul,Alaska,2016-2017,0.325,2016-07-15
504,Jul,Arizona,2015-2016,1.1333333333333333,2015-07-15
505,Jul,Arizona,2016-2017,1.1,2016-07-15
506,Jul,Arkansas,2015-2016,0.26153846153846155,2015-07-15
507,Jul,Arkansas,2016-2017,0.2916666666666667,2016-07-15
508,Jul,California,2015-2016,1.4285714285714286,2015-07-15
509,Jul,California,2016-2017,1.7142857142857142,2016-07-15
510,Jul,Colorado,2015-2016,0.7000000000000001,2015-07-15
511,Jul,Colorado,2016-2017,0.3375000000000001,2016-07-15
512,Jul,Connecticut,2015-2016,0.75,2015-07-15
513,Jul,Connecticut,2016-2017,0.8499999999999999,2016-07-15
514,Jul,Delaware,2015-2016,1.5666666666666664,2015-07-15
515,Jul,Delaware,2016-2017,0.7666666666666666,2016-07-15
516,Jul,Florida,2015-2016,1.2444444444444445,2015-07-15
517,Jul,Florida,2016-2017,1.0299999999999998,2016-07-15
518,Jul,Georgia,2015-2016,1.2750000000000001,2015-07-15
519,Jul,Georgia,2016-2017,0.8,2016-07-15
520,Jul,Hawaii,2015-2016,1.3499999999999999,2015-07-15
521,Jul,Hawaii,2016-2017,1.1555555555555557,2016-07-15
522,Jul,Idaho,2015-2016,0.0,2015-07-15
523,Jul,Idaho,2016-2017,0.02,2016-07-15
524,Jul,Illinois,2015-2016,0.8833333333333333,2015-07-15
525,Jul,Illinois,2016-2017,0.975,2016-07-15
526,Jul,Indiana,2015-2016,0.2,2015-07-15
527,Jul,Indiana,2016-2017,0.64,2016-07-15
528,Jul,Iowa,2015-2016,0.1111111111111111,2015-07-15
529,Jul,Iowa,2016-2017,0.175,2016-07-15
530,Jul,Kansas,2015-2016,0.6,2015-07-15
531,Jul,Kansas,2016-2017,0.0,2016-07-15
532,Jul,Kentucky,2015-2016,0.5,2015-07-15
533,Jul,Kentucky,2016-2017,0.375,2016-07-15
534,Jul,Louisiana,2015-2016,0.8714285714285716,2015-07-15
535,Jul,Louisiana,2016-2017,2.8333333333333335,2016-07-15
536,Jul,Maine,2015-2016,0.0,2015-07-15
537,Jul,Maine,2016-2017,0.5,2016-07-15
538,Jul,Maryland,2015-2016,1.3333333333333333,2015-07-15
539,Jul,Maryland,2016-2017,0.0,2016-07-15
540,Jul,Massachusetts,2015-2016,0.5,2015-07-15
541,Jul,Massachusetts,2016-2017,0.175,2016-07-15
542,Jul,Michigan,2015-2016,0.22222222222222227,2015-07-15
543,Jul,Michigan,2016-2017,0.5,2016-07-15
544,Jul,Minnesota,2015-2016,0.09999999999999999,2015-07-15
545,Jul,Minnesota,2016-2017,0.1,2016-07-15
546,Jul,Mississippi,2015-2016,1.2000000000000002,2015-07-15
547,Jul,Mississippi,2016-2017,0.757142857142857,2016-07-15
548,Jul,Missouri,2015-2016,0.45714285714285713,2015-07-15
549,Jul,Missouri,2016-2017,0.6333333333333333,2016-07-15
550,Jul,Montana,2015-2016,0.0625,2015-07-15
551,Jul,Montana,2016-2017,0.42857142857142855,2016-07-15
552,Jul,Nebraska,2015-2016,0.05,2015-07-15
553,Jul,Nebraska,2016-2017,0.31428571428571433,2016-07-15
554,Jul,Nevada,2015-2016,0.34444444444444444,2015-07-15
555,Jul,Nevada,2016-2017,1.5333333333333332,2016-07-15
556,Jul,New Hampshire,2015-2016,0.0,2015-07-15
557,Jul,New Hampshire,2016-2017,0.15,2016-07-15
558,Jul,New Jersey,2015-2016,0.5800000000000001,2015-07-15
559,Jul,New Jersey,2016-2017,0.9166666666666666,2016-07-15
560,Jul,New Mexico,2015-2016,0.37142857142857144,2015-07-15
561,Jul,New Mexico,2016-2017,0.55,2016-07-15
562,Jul,New York,2015-2016,0.9818181818181819,2015-07-15
563,Jul,New York,2016-2017,1.6142857142857143,2016-07-15
564,Jul,North Carolina,2015-2016,0.4600000000000001,2015-07-15
565,Jul,North Carolina,2016-2017,0.775,2016-07-15
566,Jul,North Dakota,2015-2016,0.0,2015-07-15
567,Jul,Ohio,2015-2016,0.7999999999999999,2015-07-15
568,Jul,Ohio,2016-2017,0.35,2016-07-15
569,Jul,Oklahoma,2015-2016,0.23333333333333336,2015-07-15
570,Jul,Oklahoma,2016-2017,0.35,2016-07-15
571,Jul,Oregon,2015-2016,0.1,2015-07-15
572,Jul,Oregon,2016-2017,0.55,2016-07-15
573,Jul,Pennsylvania,2015-2016,0.5,2015-07-15
574,Jul,Pennsylvania,2016-2017,0.6857142857142857,2016-07-15
575,Jul,Rhode Island,2015-2016,1.65,2015-07-15
576,Jul,Rhode Island,2016-2017,0.9800000000000001,2016-07-15
577,Jul,South Carolina,2015-2016,0.7999999999999999,2015-07-15
578,Jul,South Carolina,2016-2017,0.5875,2016-07-15
579,Jul,South Dakota,2016-2017,0.0,2016-07-15
580,Jul,Tennessee,2015-2016,0.5,2015-07-15
581,Jul,Tennessee,2016-2017,0.525,2016-07-15
582,Jul,Texas,2015-2016,0.9666666666666667,2015-07-15
583,Jul,Texas,2016-2017,0.9666666666666668,2016-07-15
584,Jul,Utah,2015-2016,0.0,2015-07-15
585,Jul,Utah,2016-2017,0.26666666666666666,2016-07-15
586,Jul,Vermont,2015-2016,0.04,2015-07-15
587,Jul,Vermont,2016-2017,0.6333333333333333,2016-07-15
588,Jul,Virginia,2015-2016,0.65,2015-07-15
589,Jul,Virginia,2016-2017,0.5,2016-07-15
590,Jul,Washington,2015-2016,1.0,2015-07-15
591,Jul,Washington,2016-2017,0.5142857142857143,2016-07-15
592,Jul,West Virginia,2015-2016,0.4,2015-07-15
593,Jul,West Virginia,2016-2017,0.3,2016-07-15
594,Jul,Wisconsin,2015-2016,0.0,2015-07-15
595,Jul,Wisconsin,2016-2017,0.58,2016-07-15
596,Jul,Wyoming,2015-2016,0.0,2015-07-15
597,Jul,Wyoming,2016-2017,0.0,2016-07-15
598,Mar,Alabama,2015-2016,44.538888888888884,2016-03-15
599,Mar,Alabama,2016-2017,43.01666666666667,2017-03-15
600,Mar,Alaska,2015-2016,39.43333333333334,2016-03-15
601,Mar,Alaska,2016-2017,38.855555555555554,2017-03-15
602,Mar,Arizona,2015-2016,41.46111111111112,2016-03-15
603,Mar,Arizona,2016-2017,40.57222222222223,2017-03-15
604,Mar,Arkansas,2015-2016,44.93333333333333,2016-03-15
605,Mar,Arkansas,2016-2017,45.488888888888894,2017-03-15
606,Mar,California,2015-2016,43.694444444444436,2016-03-15
607,Mar,California,2016-2017,48.394444444444446,2017-03-15
608,Mar,Colorado,2015-2016,48.34444444444444,2016-03-15
609,Mar,Colorado,2016-2017,49.36666666666666,2017-03-15
610,Mar,Connecticut,2015-2016,53.077777777777776,2016-03-15
611,Mar,Connecticut,2016-2017,52.916666666666664,2017-03-15
612,Mar,Delaware,2015-2016,51.24999999999999,2016-03-15
613,Mar,Delaware,2016-2017,51.41666666666667,2017-03-15
614,Mar,Florida,2015-2016,37.488888888888894,2016-03-15
615,Mar,Florida,2016-2017,40.32222222222222,2017-03-15
616,Mar,Georgia,2015-2016,40.52777777777778,2016-03-15
617,Mar,Georgia,2016-2017,42.72777777777777,2017-03-15
618,Mar,Hawaii,2015-2016,47.72222222222222,2016-03-15
619,Mar,Hawaii,2016-2017,47.6,2017-03-15
620,Mar,Idaho,2015-2016,39.25555555555555,2016-03-15
621,Mar,Idaho,2016-2017,39.66111111111111,2017-03-15
622,Mar,Illinois,2015-2016,42.89444444444445,2016-03-15
623,Mar,Illinois,2016-2017,41.50555555555555,2017-03-15
624,Mar,Indiana,2015-2016,42.711111111111116,2016-03-15
625,Mar,Indiana,2016-2017,42.411111111111104,2017-03-15
626,Mar,Iowa,2015-2016,50.74444444444444,2016-03-15
627,Mar,Iowa,2016-2017,50.48888888888889,2017-03-15
628,Mar,Kansas,2015-2016,43.97777777777778,2016-03-15
629,Mar,Kansas,2016-2017,43.32222222222222,2017-03-15
630,Mar,Kentucky,2015-2016,42.666666666666664,2016-03-15
631,Mar,Kentucky,2016-2017,44.31666666666667,2017-03-15
632,Mar,Louisiana,2015-2016,42.53333333333333,2016-03-15
633,Mar,Louisiana,2016-2017,41.15,2017-03-15
634,Mar,Maine,2015-2016,47.66666666666666,2016-03-15
635,Mar,Maine,2016-2017,49.249999999999986,2017-03-15
636,Mar,Maryland,2015-2016,52.349999999999994,2016-03-15
637,Mar,Maryland,2016-2017,52.56111111111111,2017-03-15
638,Mar,Massachusetts,2015-2016,51.37222222222222,2016-03-15
639,Mar,Massachusetts,2016-2017,51.333333333333336,2017-03-15
640,Mar,Michigan,2015-2016,41.82777777777777,2016-03-15
641,Mar,Michigan,2016-2017,43.12777777777778,2017-03-15
642,Mar,Minnesota,2015-2016,49.85,2016-03-15
643,Mar,Minnesota,2016-2017,51.01666666666667,2017-03-15
644,Mar,Mississippi,2015-2016,40.85555555555556,2016-03-15
645,Mar,Mississippi,2016-2017,40.09444444444445,2017-03-15
646,Mar,Missouri,2015-2016,45.74444444444444,2016-03-15
647,Mar,Missouri,2016-2017,45.56666666666667,2017-03-15
648,Mar,Montana,2015-2016,43.241176470588236,2016-03-15
649,Mar,Montana,2016-2017,42.74705882352942,2017-03-15
650,Mar,Nebraska,2015-2016,50.49444444444444,2016-03-15
651,Mar,Nebraska,2016-2017,51.60000000000001,2017-03-15
652,Mar,Nevada,2015-2016,36.877777777777766,2016-03-15
653,Mar,Nevada,2016-2017,35.30555555555556,2017-03-15
654,Mar,New Hampshire,2015-2016,51.99444444444444,2016-03-15
655,Mar,New Hampshire,2016-2017,49.23888888888888,2017-03-15
656,Mar,New Jersey,2015-2016,45.98888888888888,2016-03-15
657,Mar,New Jersey,2016-2017,48.35,2017-03-15
658,Mar,New Mexico,2015-2016,47.24999999999999,2016-03-15
659,Mar,New Mexico,2016-2017,49.42777777777778,2017-03-15
660,Mar,New York,2015-2016,50.0,2016-03-15
661,Mar,New York,2016-2017,49.65555555555555,2017-03-15
662,Mar,North Carolina,2015-2016,49.57222222222223,2016-03-15
663,Mar,North Carolina,2016-2017,49.45,2017-03-15
664,Mar,North Dakota,2015-2016,49.35000000000001,2016-03-15
665,Mar,North Dakota,2016-2017,48.20555555555556,2017-03-15
666,Mar,Ohio,2015-2016,42.455555555555556,2016-03-15
667,Mar,Ohio,2016-2017,45.56666666666667,2017-03-15
668,Mar,Oklahoma,2015-2016,45.16666666666668,2016-03-15
669,Mar,Oklahoma,2016-2017,46.95,2017-03-15
670,Mar,Oregon,2015-2016,41.53333333333333,2016-03-15
671,Mar,Oregon,2016-2017,39.19444444444444,2017-03-15
672,Mar,Pennsylvania,2015-2016,48.13333333333333,2016-03-15
673,Mar,Pennsylvania,2016-2017,51.8111111111111,2017-03-15
674,Mar,Rhode Island,2015-2016,57.05555555555556,2016-03-15
675,Mar,Rhode Island,2016-2017,55.0,2017-03-15
676,Mar,South Carolina,2015-2016,45.5,2016-03-15
677,Mar,South Carolina,2016-2017,46.10555555555556,2017-03-15
678,Mar,South Dakota,2015-2016,57.05555555555554,2016-03-15
679,Mar,South Dakota,2016-2017,53.23333333333333,2017-03-15
680,Mar,Tennessee,2015-2016,46.4,2016-03-15
681,Mar,Tennessee,2016-2017,43.91111111111112,2017-03-15
682,Mar,Texas,2015-2016,46.41666666666666,2016-03-15
683,Mar,Texas,2016-2017,42.772222222222226,2017-03-15
684,Mar,Utah,2015-2016,43.71666666666667,2016-03-15
685,Mar,Utah,2016-2017,43.31764705882353,2017-03-15
686,Mar,Vermont,2015-2016,51.01111111111112,2016-03-15
687,Mar,Vermont,2016-2017,48.26666666666667,2017-03-15
688,Mar,Virginia,2015-2016,48.63333333333333,2016-03-15
689,Mar,Virginia,2016-2017,49.07222222222222,2017-03-15
690,Mar,Washington,2015-2016,47.472222222222236,2016-03-15
691,Mar,Washington,2016-2017,47.92777777777778,2017-03-15
692,Mar,West Virginia,2015-2016,48.111111111111114,2016-03-15
693,Mar,West Virginia,2016-2017,49.233333333333334,2017-03-15
694,Mar,Wisconsin,2015-2016,42.90555555555555,2016-03-15
695,Mar,Wisconsin,2016-2017,44.638888888888886,2017-03-15
696,Mar,Wyoming,2015-2016,36.6,2016-03-15
697,Mar,Wyoming,2016-2017,39.06470588235294,2017-03-15
698,May,Alabama,2015-2016,45.43888888888889,2016-05-15
699,May,Alabama,2016-2017,43.900000000000006,2017-05-15
700,May,Alaska,2015-2016,39.76111111111112,2016-05-15
701,May,Alaska,2016-2017,40.09444444444445,2017-05-15
702,May,Arizona,2015-2016,42.1888888888889,2016-05-15
703,May,Arizona,2016-2017,41.083333333333336,2017-05-15
704,May,Arkansas,2015-2016,46.111111111111114,2016-05-15
705,May,Arkansas,2016-2017,46.69444444444444,2017-05-15
706,May,California,2015-2016,44.80555555555556,2016-05-15
707,May,California,2016-2017,48.75555555555556,2017-05-15
708,May,Colorado,2015-2016,49.91666666666667,2016-05-15
709,May,Colorado,2016-2017,51.08888888888889,2017-05-15
710,May,Connecticut,2015-2016,53.77777777777778,2016-05-15
711,May,Connecticut,2016-2017,53.833333333333336,2017-05-15
712,May,Delaware,2015-2016,51.56666666666667,2016-05-15
713,May,Delaware,2016-2017,51.97222222222222,2017-05-15
714,May,Florida,2015-2016,38.36666666666666,2016-05-15
715,May,Florida,2016-2017,42.41111111111112,2017-05-15
716,May,Georgia,2015-2016,42.05555555555556,2016-05-15
717,May,Georgia,2016-2017,43.083333333333336,2017-05-15
718,May,Hawaii,2015-2016,51.16666666666667,2016-05-15
719,May,Hawaii,2016-2017,50.24444444444445,2017-05-15
720,May,Idaho,2015-2016,39.37222222222223,2016-05-15
721,May,Idaho,2016-2017,40.02222222222222,2017-05-15
722,May,Illinois,2015-2016,43.711111111111116,2016-05-15
723,May,Illinois,2016-2017,41.900000000000006,2017-05-15
724,May,Indiana,2015-2016,43.43888888888889,2016-05-15
725,May,Indiana,2016-2017,44.17777777777778,2017-05-15
726,May,Iowa,2015-2016,51.077777777777776,2016-05-15
727,May,Iowa,2016-2017,51.54444444444444,2017-05-15
728,May,Kansas,2015-2016,44.61666666666667,2016-05-15
729,May,Kansas,2016-2017,44.52777777777777,2017-05-15
730,May,Kentucky,2015-2016,43.30555555555556,2016-05-15
731,May,Kentucky,2016-2017,45.7,2017-05-15
732,May,Louisiana,2015-2016,44.81111111111111,2016-05-15
733,May,Louisiana,2016-2017,42.327777777777776,2017-05-15
734,May,Maine,2015-2016,48.56111111111111,2016-05-15
735,May,Maine,2016-2017,50.23888888888889,2017-05-15
736,May,Maryland,2015-2016,53.288888888888884,2016-05-15
737,May,Maryland,2016-2017,54.04999999999999,2017-05-15
738,May,Massachusetts,2015-2016,52.53888888888889,2016-05-15
739,May,Massachusetts,2016-2017,51.96111111111111,2017-05-15
740,May,Michigan,2015-2016,42.65,2016-05-15
741,May,Michigan,2016-2017,44.48333333333333,2017-05-15
742,May,Minnesota,2015-2016,50.39444444444445,2016-05-15
743,May,Minnesota,2016-2017,52.33888888888889,2017-05-15
744,May,Mississippi,2015-2016,41.96666666666667,2016-05-15
745,May,Mississippi,2016-2017,41.138888888888886,2017-05-15
746,May,Missouri,2015-2016,47.09444444444444,2016-05-15
747,May,Missouri,2016-2017,45.60555555555556,2017-05-15
748,May,Montana,2015-2016,43.923529411764704,2016-05-15
749,May,Montana,2016-2017,42.75882352941178,2017-05-15
750,May,Nebraska,2015-2016,50.88333333333333,2016-05-15
751,May,Nebraska,2016-2017,53.1,2017-05-15
752,May,Nevada,2015-2016,37.12222222222222,2016-05-15
753,May,Nevada,2016-2017,36.32222222222222,2017-05-15
754,May,New Hampshire,2015-2016,53.361111111111114,2016-05-15
755,May,New Hampshire,2016-2017,51.111111111111114,2017-05-15
756,May,New Jersey,2015-2016,47.71111111111111,2016-05-15
757,May,New Jersey,2016-2017,49.90555555555555,2017-05-15
758,May,New Mexico,2015-2016,48.34444444444445,2016-05-15
759,May,New Mexico,2016-2017,51.15,2017-05-15
760,May,New York,2015-2016,50.8,2016-05-15
761,May,New York,2016-2017,50.777777777777786,2017-05-15
762,May,North Carolina,2015-2016,50.111111111111114,2016-05-15
763,May,North Carolina,2016-2017,51.116666666666674,2017-05-15
764,May,North Dakota,2015-2016,50.1888888888889,2016-05-15
765,May,North Dakota,2016-2017,48.6888888888889,2017-05-15
766,May,Ohio,2015-2016,44.033333333333346,2016-05-15
767,May,Ohio,2016-2017,46.28888888888889,2017-05-15
768,May,Oklahoma,2015-2016,45.86666666666667,2016-05-15
769,May,Oklahoma,2016-2017,47.43888888888889,2017-05-15
770,May,Oregon,2015-2016,42.38333333333334,2016-05-15
771,May,Oregon,2016-2017,40.42222222222223,2017-05-15
772,May,Pennsylvania,2015-2016,49.0611111111111,2016-05-15
773,May,Pennsylvania,2016-2017,54.32222222222222,2017-05-15
774,May,Rhode Island,2015-2016,57.58888888888888,2016-05-15
775,May,Rhode Island,2016-2017,56.111111111111114,2017-05-15
776,May,South Carolina,2015-2016,46.81111111111112,2016-05-15
777,May,South Carolina,2016-2017,46.916666666666664,2017-05-15
778,May,South Dakota,2015-2016,57.37777777777777,2016-05-15
779,May,South Dakota,2016-2017,53.877777777777766,2017-05-15
780,May,Tennessee,2015-2016,47.00555555555556,2016-05-15
781,May,Tennessee,2016-2017,44.9,2017-05-15
782,May,Texas,2015-2016,50.111111111111114,2016-05-15
783,May,Texas,2016-2017,44.150000000000006,2017-05-15
784,May,Utah,2015-2016,44.31111111111112,2016-05-15
785,May,Utah,2016-2017,44.50000000000001,2017-05-15
786,May,Vermont,2015-2016,51.26111111111112,2016-05-15
787,May,Vermont,2016-2017,48.86111111111111,2017-05-15
788,May,Virginia,2015-2016,49.55555555555554,2016-05-15
789,May,Virginia,2016-2017,50.73888888888889,2017-05-15
790,May,Washington,2015-2016,48.150000000000006,2016-05-15
791,May,Washington,2016-2017,49.022222222222226,2017-05-15
792,May,West Virginia,2015-2016,49.111111111111114,2016-05-15
793,May,West Virginia,2016-2017,49.76666666666667,2017-05-15
794,May,Wisconsin,2015-2016,43.71111111111111,2016-05-15
795,May,Wisconsin,2016-2017,45.388888888888886,2017-05-15
796,May,Wyoming,2015-2016,36.93529411764706,2016-05-15
797,May,Wyoming,2016-2017,39.06111111111111,2017-05-15
798,Nov,Alabama,2015-2016,36.96111111111111,2015-11-15
799,Nov,Alabama,2016-2017,33.66111111111111,2016-11-15
800,Nov,Alaska,2015-2016,31.977777777777774,2015-11-15
801,Nov,Alaska,2016-2017,33.26111111111111,2016-11-15
802,Nov,Arizona,2015-2016,33.4,2015-11-15
803,Nov,Arizona,2016-2017,32.477777777777774,2016-11-15
804,Nov,Arkansas,2015-2016,37.94444444444445,2015-11-15
805,Nov,Arkansas,2016-2017,38.5,2016-11-15
806,Nov,California,2015-2016,33.24444444444444,2015-11-15
807,Nov,California,2016-2017,34.666666666666664,2016-11-15
808,Nov,Colorado,2015-2016,39.78333333333333,2015-11-15
809,Nov,Colorado,2016-2017,40.172222222222224,2016-11-15
810,Nov,Connecticut,2015-2016,43.355555555555554,2015-11-15
811,Nov,Connecticut,2016-2017,43.272222222222226,2016-11-15
812,Nov,Delaware,2015-2016,41.022222222222226,2015-11-15
813,Nov,Delaware,2016-2017,41.116666666666674,2016-11-15
814,Nov,Florida,2015-2016,28.233333333333334,2015-11-15
815,Nov,Florida,2016-2017,30.288888888888884,2016-11-15
816,Nov,Georgia,2015-2016,33.172222222222224,2015-11-15
817,Nov,Georgia,2016-2017,33.71111111111111,2016-11-15
818,Nov,Hawaii,2015-2016,38.98333333333333,2015-11-15
819,Nov,Hawaii,2016-2017,34.28333333333333,2016-11-15
820,Nov,Idaho,2015-2016,31.235294117647058,2015-11-15
821,Nov,Idaho,2016-2017,31.0764705882353,2016-11-15
822,Nov,Illinois,2015-2016,34.57222222222222,2015-11-15
823,Nov,Illinois,2016-2017,34.54444444444445,2016-11-15
824,Nov,Indiana,2015-2016,34.46666666666667,2015-11-15
825,Nov,Indiana,2016-2017,34.18333333333334,2016-11-15
826,Nov,Iowa,2015-2016,43.10555555555556,2015-11-15
827,Nov,Iowa,2016-2017,42.13333333333333,2016-11-15
828,Nov,Kansas,2015-2016,37.92777777777778,2015-11-15
829,Nov,Kansas,2016-2017,36.62777777777777,2016-11-15
830,Nov,Kentucky,2015-2016,35.73333333333333,2015-11-15
831,Nov,Kentucky,2016-2017,35.21666666666667,2016-11-15
832,Nov,Louisiana,2015-2016,31.361111111111118,2015-11-15
833,Nov,Louisiana,2016-2017,28.92777777777778,2016-11-15
834,Nov,Maine,2015-2016,38.900000000000006,2015-11-15
835,Nov,Maine,2016-2017,40.23888888888889,2016-11-15
836,Nov,Maryland,2015-2016,42.25,2015-11-15
837,Nov,Maryland,2016-2017,42.24444444444445,2016-11-15
838,Nov,Massachusetts,2015-2016,41.05555555555555,2015-11-15
839,Nov,Massachusetts,2016-2017,42.833333333333336,2016-11-15
840,Nov,Michigan,2015-2016,32.61666666666666,2015-11-15
841,Nov,Michigan,2016-2017,34.91111111111112,2016-11-15
842,Nov,Minnesota,2015-2016,42.37222222222222,2015-11-15
843,Nov,Minnesota,2016-2017,42.52777777777778,2016-11-15
844,Nov,Mississippi,2015-2016,31.827777777777776,2015-11-15
845,Nov,Mississippi,2016-2017,31.200000000000003,2016-11-15
846,Nov,Missouri,2015-2016,38.14444444444444,2015-11-15
847,Nov,Missouri,2016-2017,38.90000000000001,2016-11-15
848,Nov,Montana,2015-2016,35.099999999999994,2015-11-15
849,Nov,Montana,2016-2017,34.05882352941177,2016-11-15
850,Nov,Nebraska,2015-2016,41.35555555555556,2015-11-15
851,Nov,Nebraska,2016-2017,42.74444444444444,2016-11-15
852,Nov,Nevada,2015-2016,27.66111111111111,2015-11-15
853,Nov,Nevada,2016-2017,27.54444444444444,2016-11-15
854,Nov,New Hampshire,2015-2016,42.74444444444445,2015-11-15
855,Nov,New Hampshire,2016-2017,41.9764705882353,2016-11-15
856,Nov,New Jersey,2015-2016,36.58888888888888,2015-11-15
857,Nov,New Jersey,2016-2017,37.294444444444444,2016-11-15
858,Nov,New Mexico,2015-2016,38.06666666666666,2015-11-15
859,Nov,New Mexico,2016-2017,39.46666666666667,2016-11-15
860,Nov,New York,2015-2016,39.37777777777779,2015-11-15
861,Nov,New York,2016-2017,38.83888888888889,2016-11-15
862,Nov,North Carolina,2015-2016,38.57222222222222,2015-11-15
863,Nov,North Carolina,2016-2017,38.05,2016-11-15
864,Nov,North Dakota,2015-2016,42.15555555555555,2015-11-15
865,Nov,North Dakota,2016-2017,40.17777777777778,2016-11-15
866,Nov,Ohio,2015-2016,34.81666666666666,2015-11-15
867,Nov,Ohio,2016-2017,35.64444444444445,2016-11-15
868,Nov,Oklahoma,2015-2016,38.03888888888889,2015-11-15
869,Nov,Oklahoma,2016-2017,36.61666666666667,2016-11-15
870,Nov,Oregon,2015-2016,34.766666666666666,2015-11-15
871,Nov,Oregon,2016-2017,31.82222222222222,2016-11-15
872,Nov,Pennsylvania,2015-2016,40.17222222222223,2015-11-15
873,Nov,Pennsylvania,2016-2017,41.833333333333336,2016-11-15
874,Nov,Rhode Island,2015-2016,44.355555555555554,2015-11-15
875,Nov,Rhode Island,2016-2017,44.12777777777777,2016-11-15
876,Nov,South Carolina,2015-2016,34.79999999999999,2015-11-15
877,Nov,South Carolina,2016-2017,35.64444444444444,2016-11-15
878,Nov,South Dakota,2015-2016,50.28333333333334,2015-11-15
879,Nov,South Dakota,2016-2017,44.20555555555555,2016-11-15
880,Nov,Tennessee,2015-2016,37.205555555555556,2015-11-15
881,Nov,Tennessee,2016-2017,35.083333333333336,2016-11-15
882,Nov,Texas,2015-2016,37.233333333333334,2015-11-15
883,Nov,Texas,2016-2017,33.71666666666667,2016-11-15
884,Nov,Utah,2015-2016,37.91764705882353,2015-11-15
885,Nov,Utah,2016-2017,36.74117647058823,2016-11-15
886,Nov,Vermont,2015-2016,44.7,2015-11-15
887,Nov,Vermont,2016-2017,38.48333333333333,2016-11-15
888,Nov,Virginia,2015-2016,39.82777777777778,2015-11-15
889,Nov,Virginia,2016-2017,38.833333333333336,2016-11-15
890,Nov,Washington,2015-2016,37.87777777777777,2015-11-15
891,Nov,Washington,2016-2017,37.47222222222222,2016-11-15
892,Nov,West Virginia,2015-2016,40.76111111111111,2015-11-15
893,Nov,West Virginia,2016-2017,40.55555555555556,2016-11-15
894,Nov,Wisconsin,2015-2016,36.26666666666667,2015-11-15
895,Nov,Wisconsin,2016-2017,36.883333333333326,2016-11-15
896,Nov,Wyoming,2015-2016,30.92941176470588,2015-11-15
897,Nov,Wyoming,2016-2017,33.252941176470586,2016-11-15
898,Oct,Alabama,2015-2016,27.794444444444444,2015-10-15
899,Oct,Alabama,2016-2017,25.605555555555558,2016-10-15
900,Oct,Alaska,2015-2016,25.91666666666667,2015-10-15
901,Oct,Alaska,2016-2017,25.19444444444444,2016-10-15
902,Oct,Arizona,2015-2016,24.85555555555555,2015-10-15
903,Oct,Arizona,2016-2017,24.305555555555557,2016-10-15
904,Oct,Arkansas,2015-2016,28.13333333333334,2015-10-15
905,Oct,Arkansas,2016-2017,27.222222222222214,2016-10-15
906,Oct,California,2015-2016,24.1,2015-10-15
907,Oct,California,2016-2017,26.42222222222222,2016-10-15
908,Oct,Colorado,2015-2016,30.30555555555556,2015-10-15
909,Oct,Colorado,2016-2017,29.02777777777778,2016-10-15
910,Oct,Connecticut,2015-2016,30.85555555555556,2015-10-15
911,Oct,Connecticut,2016-2017,30.97222222222222,2016-10-15
912,Oct,Delaware,2015-2016,28.75,2015-10-15
913,Oct,Delaware,2016-2017,31.061111111111114,2016-10-15
914,Oct,Florida,2015-2016,21.349999999999998,2015-10-15
915,Oct,Florida,2016-2017,23.47222222222222,2016-10-15
916,Oct,Georgia,2015-2016,25.566666666666674,2015-10-15
917,Oct,Georgia,2016-2017,25.755555555555556,2016-10-15
918,Oct,Hawaii,2015-2016,29.22222222222223,2015-10-15
919,Oct,Hawaii,2016-2017,25.500000000000004,2016-10-15
920,Oct,Idaho,2015-2016,23.5764705882353,2015-10-15
921,Oct,Idaho,2016-2017,22.558823529411757,2016-10-15
922,Oct,Illinois,2015-2016,25.09444444444445,2015-10-15
923,Oct,Illinois,2016-2017,26.805555555555557,2016-10-15
924,Oct,Indiana,2015-2016,23.827777777777776,2015-10-15
925,Oct,Indiana,2016-2017,25.32777777777778,2016-10-15
926,Oct,Iowa,2015-2016,31.561111111111106,2015-10-15
927,Oct,Iowa,2016-2017,30.061111111111114,2016-10-15
928,Oct,Kansas,2015-2016,27.855555555555558,2015-10-15
929,Oct,Kansas,2016-2017,27.62777777777778,2016-10-15
930,Oct,Kentucky,2015-2016,26.47222222222223,2015-10-15
931,Oct,Kentucky,2016-2017,26.39444444444445,2016-10-15
932,Oct,Louisiana,2015-2016,23.983333333333334,2015-10-15
933,Oct,Louisiana,2016-2017,21.82777777777778,2016-10-15
934,Oct,Maine,2015-2016,27.755555555555556,2015-10-15
935,Oct,Maine,2016-2017,29.09444444444444,2016-10-15
936,Oct,Maryland,2015-2016,30.894444444444446,2015-10-15
937,Oct,Maryland,2016-2017,31.705555555555552,2016-10-15
938,Oct,Massachusetts,2015-2016,29.205555555555552,2015-10-15
939,Oct,Massachusetts,2016-2017,31.216666666666672,2016-10-15
940,Oct,Michigan,2015-2016,24.183333333333334,2015-10-15
941,Oct,Michigan,2016-2017,26.549999999999997,2016-10-15
942,Oct,Minnesota,2015-2016,31.333333333333332,2015-10-15
943,Oct,Minnesota,2016-2017,31.494444444444444,2016-10-15
944,Oct,Mississippi,2015-2016,23.17777777777778,2015-10-15
945,Oct,Mississippi,2016-2017,23.022222222222226,2016-10-15
946,Oct,Missouri,2015-2016,28.27777777777778,2015-10-15
947,Oct,Missouri,2016-2017,29.93333333333333,2016-10-15
948,Oct,Montana,2015-2016,26.341176470588234,2015-10-15
949,Oct,Montana,2016-2017,25.194117647058825,2016-10-15
950,Oct,Nebraska,2015-2016,30.077777777777776,2015-10-15
951,Oct,Nebraska,2016-2017,30.866666666666667,2016-10-15
952,Oct,Nevada,2015-2016,20.9,2015-10-15
953,Oct,Nevada,2016-2017,21.305555555555557,2016-10-15
954,Oct,New Hampshire,2015-2016,32.20555555555556,2015-10-15
955,Oct,New Hampshire,2016-2017,31.329411764705885,2016-10-15
956,Oct,New Jersey,2015-2016,27.60555555555556,2015-10-15
957,Oct,New Jersey,2016-2017,27.794444444444444,2016-10-15
958,Oct,New Mexico,2015-2016,27.14117647058823,2015-10-15
959,Oct,New Mexico,2016-2017,28.48888888888888,2016-10-15
960,Oct,New York,2015-2016,28.57777777777777,2015-10-15
961,Oct,New York,2016-2017,29.238888888888887,2016-10-15
962,Oct,North Carolina,2015-2016,29.01666666666667,2015-10-15
963,Oct,North Carolina,2016-2017,28.43333333333333,2016-10-15
964,Oct,North Dakota,2015-2016,29.649999999999995,2015-10-15
965,Oct,North Dakota,2016-2017,30.57777777777777,2016-10-15
966,Oct,Ohio,2015-2016,25.466666666666672,2015-10-15
967,Oct,Ohio,2016-2017,25.766666666666666,2016-10-15
968,Oct,Oklahoma,2015-2016,27.40555555555556,2015-10-15
969,Oct,Oklahoma,2016-2017,27.827777777777772,2016-10-15
970,Oct,Oregon,2015-2016,26.044444444444444,2015-10-15
971,Oct,Oregon,2016-2017,22.227777777777778,2016-10-15
972,Oct,Pennsylvania,2015-2016,29.227777777777778,2015-10-15
973,Oct,Pennsylvania,2016-2017,32.36666666666666,2016-10-15
974,Oct,Rhode Island,2015-2016,33.0111111111111,2015-10-15
975,Oct,Rhode Island,2016-2017,31.17777777777778,2016-10-15
976,Oct,South Carolina,2015-2016,25.711111111111112,2015-10-15
977,Oct,South Carolina,2016-2017,26.61666666666666,2016-10-15
978,Oct,South Dakota,2015-2016,35.03888888888889,2015-10-15
979,Oct,South Dakota,2016-2017,32.916666666666664,2016-10-15
980,Oct,Tennessee,2015-2016,27.155555555555555,2015-10-15
981,Oct,Tennessee,2016-2017,26.961111111111112,2016-10-15
982,Oct,Texas,2015-2016,28.86111111111111,2015-10-15
983,Oct,Texas,2016-2017,26.08888888888889,2016-10-15
984,Oct,Utah,2015-2016,27.964705882352945,2015-10-15
985,Oct,Utah,2016-2017,27.741176470588236,2016-10-15
986,Oct,Vermont,2015-2016,28.92777777777778,2015-10-15
987,Oct,Vermont,2016-2017,26.544444444444444,2016-10-15
988,Oct,Virginia,2015-2016,29.350000000000005,2015-10-15
989,Oct,Virginia,2016-2017,28.40555555555555,2016-10-15
990,Oct,Washington,2015-2016,27.57777777777778,2015-10-15
991,Oct,Washington,2016-2017,27.83888888888889,2016-10-15
992,Oct,West Virginia,2015-2016,29.900000000000002,2015-10-15
993,Oct,West Virginia,2016-2017,28.605555555555554,2016-10-15
994,Oct,Wisconsin,2015-2016,26.04444444444444,2015-10-15
995,Oct,Wisconsin,2016-2017,26.950000000000003,2016-10-15
996,Oct,Wyoming,2015-2016,23.729411764705883,2015-10-15
997,Oct,Wyoming,2016-2017,23.658823529411762,2016-10-15
998,Sep,Alabama,2015-2016,11.241176470588234,2015-09-15
999,Sep,Alabama,2016-2017,10.194444444444441,2016-09-15
1000,Sep,Alaska,2015-2016,10.818750000000001,2015-09-15
1001,Sep,Alaska,2016-2017,10.46875,2016-09-15
1002,Sep,Arizona,2015-2016,9.427777777777779,2015-09-15
1003,Sep,Arizona,2016-2017,10.838888888888887,2016-09-15
1004,Sep,Arkansas,2015-2016,7.823529411764707,2015-09-15
1005,Sep,Arkansas,2016-2017,7.741176470588236,2016-09-15
1006,Sep,California,2015-2016,9.344444444444441,2015-09-15
1007,Sep,California,2016-2017,11.811111111111112,2016-09-15
1008,Sep,Colorado,2015-2016,9.13888888888889,2015-09-15
1009,Sep,Colorado,2016-2017,9.566666666666666,2016-09-15
1010,Sep,Connecticut,2015-2016,9.422222222222222,2015-09-15
1011,Sep,Connecticut,2016-2017,10.088888888888887,2016-09-15
1012,Sep,Delaware,2015-2016,13.02941176470588,2015-09-15
1013,Sep,Delaware,2016-2017,13.223529411764705,2016-09-15
1014,Sep,Florida,2015-2016,9.316666666666666,2015-09-15
1015,Sep,Florida,2016-2017,11.355555555555554,2016-09-15
1016,Sep,Georgia,2015-2016,10.811764705882354,2015-09-15
1017,Sep,Georgia,2016-2017,12.129411764705884,2016-09-15
1018,Sep,Hawaii,2015-2016,14.8375,2015-09-15
1019,Sep,Hawaii,2016-2017,13.176470588235292,2016-09-15
1020,Sep,Idaho,2015-2016,7.186666666666667,2015-09-15
1021,Sep,Idaho,2016-2017,7.299999999999999,2016-09-15
1022,Sep,Illinois,2015-2016,9.947058823529414,2015-09-15
1023,Sep,Illinois,2016-2017,10.36470588235294,2016-09-15
1024,Sep,Indiana,2015-2016,7.933333333333334,2015-09-15
1025,Sep,Indiana,2016-2017,9.316666666666668,2016-09-15
1026,Sep,Iowa,2015-2016,9.005555555555555,2015-09-15
1027,Sep,Iowa,2016-2017,9.916666666666666,2016-09-15
1028,Sep,Kansas,2015-2016,8.461111111111114,2015-09-15
1029,Sep,Kansas,2016-2017,8.716666666666667,2016-09-15
1030,Sep,Kentucky,2015-2016,8.71111111111111,2015-09-15
1031,Sep,Kentucky,2016-2017,9.388888888888891,2016-09-15
1032,Sep,Louisiana,2015-2016,9.78235294117647,2015-09-15
1033,Sep,Louisiana,2016-2017,9.75,2016-09-15
1034,Sep,Maine,2015-2016,8.123529411764707,2015-09-15
1035,Sep,Maine,2016-2017,10.023529411764706,2016-09-15
1036,Sep,Maryland,2015-2016,10.36111111111111,2015-09-15
1037,Sep,Maryland,2016-2017,12.266666666666666,2016-09-15
1038,Sep,Massachusetts,2015-2016,10.566666666666666,2015-09-15
1039,Sep,Massachusetts,2016-2017,12.144444444444444,2016-09-15
1040,Sep,Michigan,2015-2016,8.750000000000002,2015-09-15
1041,Sep,Michigan,2016-2017,9.875,2016-09-15
1042,Sep,Minnesota,2015-2016,10.161111111111111,2015-09-15
1043,Sep,Minnesota,2016-2017,11.305555555555554,2016-09-15
1044,Sep,Mississippi,2015-2016,8.025,2015-09-15
1045,Sep,Mississippi,2016-2017,7.856249999999999,2016-09-15
1046,Sep,Missouri,2015-2016,9.077777777777778,2015-09-15
1047,Sep,Missouri,2016-2017,10.041176470588235,2016-09-15
1048,Sep,Montana,2015-2016,7.993333333333333,2015-09-15
1049,Sep,Montana,2016-2017,6.88125,2016-09-15
1050,Sep,Nebraska,2015-2016,7.794117647058822,2015-09-15
1051,Sep,Nebraska,2016-2017,9.516666666666667,2016-09-15
1052,Sep,Nevada,2015-2016,10.01764705882353,2015-09-15
1053,Sep,Nevada,2016-2017,9.558823529411766,2016-09-15
1054,Sep,New Hampshire,2015-2016,9.994117647058824,2015-09-15
1055,Sep,New Hampshire,2016-2017,11.094117647058823,2016-09-15
1056,Sep,New Jersey,2015-2016,10.116666666666665,2015-09-15
1057,Sep,New Jersey,2016-2017,12.152941176470588,2016-09-15
1058,Sep,New Mexico,2015-2016,9.5625,2015-09-15
1059,Sep,New Mexico,2016-2017,10.768749999999999,2016-09-15
1060,Sep,New York,2015-2016,11.533333333333335,2015-09-15
1061,Sep,New York,2016-2017,12.305555555555554,2016-09-15
1062,Sep,North Carolina,2015-2016,9.877777777777776,2015-09-15
1063,Sep,North Carolina,2016-2017,10.322222222222223,2016-09-15
1064,Sep,North Dakota,2015-2016,8.8,2015-09-15
1065,Sep,North Dakota,2016-2017,8.705882352941176,2016-09-15
1066,Sep,Ohio,2015-2016,8.877777777777778,2015-09-15
1067,Sep,Ohio,2016-2017,9.5,2016-09-15
1068,Sep,Oklahoma,2015-2016,7.333333333333333,2015-09-15
1069,Sep,Oklahoma,2016-2017,9.205882352941178,2016-09-15
1070,Sep,Oregon,2015-2016,9.2,2015-09-15
1071,Sep,Oregon,2016-2017,7.9647058823529395,2016-09-15
1072,Sep,Pennsylvania,2015-2016,9.416666666666664,2015-09-15
1073,Sep,Pennsylvania,2016-2017,13.06111111111111,2016-09-15
1074,Sep,Rhode Island,2015-2016,9.976470588235294,2015-09-15
1075,Sep,Rhode Island,2016-2017,10.905882352941177,2016-09-15
1076,Sep,South Carolina,2015-2016,9.17777777777778,2015-09-15
1077,Sep,South Carolina,2016-2017,9.855555555555556,2016-09-15
1078,Sep,South Dakota,2015-2016,8.89375,2015-09-15
1079,Sep,South Dakota,2016-2017,8.973333333333333,2016-09-15
1080,Sep,Tennessee,2015-2016,9.81764705882353,2015-09-15
1081,Sep,Tennessee,2016-2017,10.188888888888888,2016-09-15
1082,Sep,Texas,2015-2016,12.522222222222224,2015-09-15
1083,Sep,Texas,2016-2017,11.22222222222222,2016-09-15
1084,Sep,Utah,2015-2016,9.070588235294117,2015-09-15
1085,Sep,Utah,2016-2017,9.76470588235294,2016-09-15
1086,Sep,Vermont,2015-2016,7.466666666666667,2015-09-15
1087,Sep,Vermont,2016-2017,7.824999999999999,2016-09-15
1088,Sep,Virginia,2015-2016,9.794444444444444,2015-09-15
1089,Sep,Virginia,2016-2017,11.433333333333332,2016-09-15
1090,Sep,Washington,2015-2016,9.477777777777778,2015-09-15
1091,Sep,Washington,2016-2017,10.423529411764706,2016-09-15
1092,Sep,West Virginia,2015-2016,9.362499999999999,2015-09-15
1093,Sep,West Virginia,2016-2017,8.970588235294116,2016-09-15
1094,Sep,Wisconsin,2015-2016,7.988235294117648,2015-09-15
1095,Sep,Wisconsin,2016-2017,8.964705882352938,2016-09-15
1096,Sep,Wyoming,2015-2016,6.65,2015-09-15
1097,Sep,Wyoming,2016-2017,6.96,2016-09-15
