date,AL,AK,AZ,AR,CA,CO,CT,DC,DE,FL,GA,HI,ID,IL,IN,IA,KS,KY,LA,ME,MD,MA,MI,MN,MS,MO,MT,NE,NV,NH,NJ,NM,NY,NC,ND,OH,OK,OR,PA,RI,SC,SD,TN,TX,UT,VT,VA,WA,WV,WI,WY
2013-11-17,26,10,25,12,30,15,19,13,9,16,20,14,31,16,34,12,14,22,25,7,22,22,25,21,13,14,15,15,17,18,25,6,25,22,16,26,13,9,26,27,24,14,24,16,41,11,22,17,18,17,21
2013-11-24,23,0,19,25,18,10,15,7,9,13,18,24,18,11,34,7,13,23,23,15,14,19,25,15,27,15,16,12,41,25,18,19,18,15,13,13,11,8,15,22,7,8,16,13,34,0,16,12,22,20,24
2013-12-01,14,9,19,10,14,7,10,3,0,15,21,8,7,12,27,8,6,9,20,6,15,15,14,16,14,8,14,18,8,17,16,11,14,16,7,13,12,6,13,26,21,7,11,10,13,11,13,15,14,12,20
2013-12-08,15,10,15,10,16,15,12,12,27,13,16,0,15,12,4,9,11,16,19,7,10,13,13,16,6,11,15,7,24,12,13,11,17,16,15,12,13,6,16,0,15,7,15,14,11,22,11,13,7,15,0
2013-12-15,27,10,12,15,12,14,9,20,15,19,18,9,0,9,13,9,6,9,23,20,11,11,9,10,30,11,16,4,30,0,12,6,12,15,8,10,14,7,15,7,19,7,17,30,11,0,11,13,16,11,23
2013-12-22,32,12,11,10,12,11,13,14,9,14,13,19,10,13,13,5,11,14,28,25,7,10,21,7,21,19,36,9,26,0,13,21,16,11,10,9,12,6,16,0,22,18,20,31,14,0,11,15,9,15,26
2013-12-29,56,33,24,39,26,19,15,15,8,27,37,35,34,25,36,10,24,30,58,29,16,26,57,29,36,42,31,29,39,29,30,12,26,36,25,19,32,16,26,15,28,23,52,55,36,22,21,23,39,27,23
2014-01-05,77,41,34,44,79,50,15,21,14,54,41,35,53,31,25,37,24,52,75,34,30,36,64,32,54,48,65,30,85,12,34,56,29,40,27,37,50,54,42,62,46,14,87,100,49,11,29,92,37,28,21
2014-01-12,59,10,34,67,88,26,15,12,0,38,40,51,45,27,39,32,24,41,42,7,15,24,78,29,21,55,15,33,90,28,25,27,20,36,15,31,37,21,25,40,23,20,100,60,58,21,23,46,35,24,21
2014-01-19,17,29,31,40,47,13,7,7,0,47,19,16,15,21,30,17,19,33,22,13,14,19,47,18,33,25,22,11,64,11,11,11,17,22,15,25,37,20,28,13,25,13,48,28,21,21,18,24,22,29,42
2014-01-26,9,29,28,27,46,13,12,10,0,28,9,11,15,11,16,8,14,12,13,13,5,14,21,12,3,12,21,10,22,34,16,11,13,17,14,15,22,12,15,19,13,0,25,16,17,21,10,13,18,13,19
2014-02-02,3,0,12,21,28,6,6,4,0,13,8,37,17,7,14,5,3,7,13,20,6,11,9,1,14,6,16,7,27,18,11,0,9,7,8,7,8,3,8,13,14,7,6,8,0,11,12,8,7,12,0
2014-02-09,3,19,11,9,17,5,3,0,0,10,5,0,0,5,0,5,3,10,8,19,9,8,10,4,3,4,14,4,14,6,5,5,8,5,15,7,6,3,5,0,11,0,5,6,3,20,5,9,7,8,20
2014-02-16,3,10,12,7,10,8,9,5,0,8,5,8,0,5,0,0,1,4,9,21,4,8,6,5,7,4,14,18,9,0,4,6,5,7,0,6,3,2,8,13,5,7,3,4,11,10,9,5,7,4,20
2014-02-23,3,0,3,4,8,1,4,2,8,7,4,17,0,5,2,2,7,5,3,6,4,7,7,5,0,6,0,7,8,6,6,6,6,8,7,3,3,1,3,25,3,0,1,5,3,11,4,5,13,2,0
2014-03-02,0,19,5,4,5,2,1,0,0,4,3,0,7,3,2,5,4,2,11,7,5,4,3,2,4,7,0,3,4,6,4,0,4,4,0,2,0,3,3,6,0,13,1,3,7,0,5,5,13,6,0
2014-03-09,3,10,3,4,5,6,5,0,0,5,0,16,0,2,8,5,3,2,3,6,3,4,2,2,0,1,15,3,8,0,5,0,4,5,0,2,2,0,6,0,3,0,4,3,11,0,1,3,0,4,0
2014-03-16,0,0,0,4,4,1,2,0,0,3,3,0,0,3,8,5,0,0,3,6,4,3,4,1,4,4,0,3,0,0,4,0,3,1,8,4,4,4,5,13,3,0,5,4,0,0,3,3,6,6,21
2014-03-23,3,0,10,4,3,1,6,0,0,3,2,0,8,2,2,2,1,0,0,0,1,3,2,2,0,2,14,0,0,0,4,6,4,3,0,2,2,4,5,13,0,0,5,2,4,0,2,2,6,3,0
2014-03-30,0,0,8,4,2,1,3,2,9,3,2,9,0,2,2,3,0,0,2,0,0,4,2,1,0,5,0,3,0,6,3,0,2,1,7,3,5,1,1,0,5,0,2,2,0,0,2,2,0,1,0
2014-04-06,0,0,3,6,2,1,3,0,9,3,2,0,0,3,2,0,3,4,3,13,1,2,3,2,0,2,0,3,0,6,2,0,2,2,0,2,3,2,3,0,0,0,4,2,4,11,1,2,7,4,0
2014-04-13,6,10,2,4,2,2,2,0,0,3,2,0,0,2,2,0,0,2,3,0,2,3,3,0,0,1,0,0,0,0,3,0,3,2,8,1,2,0,0,7,6,0,3,2,3,0,1,1,0,2,0
2014-04-20,9,0,2,4,1,0,0,0,0,3,2,0,0,0,6,3,0,0,2,8,2,2,5,1,4,1,0,3,8,0,3,0,3,1,0,2,4,3,5,7,0,0,0,2,0,0,1,4,0,1,0
2014-04-27,0,0,0,0,2,0,3,2,0,2,1,8,0,1,2,0,2,2,0,7,1,1,2,4,4,0,0,3,4,0,2,6,2,2,7,2,6,0,2,0,0,13,0,1,14,0,1,2,0,4,20
2014-05-04,3,0,3,0,2,0,0,5,0,2,2,8,8,1,0,0,1,2,2,0,1,1,2,1,0,1,0,0,0,0,2,0,2,3,0,1,0,3,1,0,0,0,0,2,0,12,0,2,0,1,0
2014-05-11,3,0,2,0,2,0,0,0,0,2,1,0,8,1,2,0,0,2,2,7,0,1,3,1,0,3,0,0,4,0,3,0,2,3,0,2,2,2,1,0,3,0,0,1,0,0,1,1,0,1,0
2014-05-18,0,0,3,0,2,1,1,4,9,2,2,9,0,1,0,0,3,0,3,0,1,1,1,1,5,0,17,0,5,0,3,0,2,0,0,1,4,0,1,0,0,0,6,1,0,0,1,2,0,1,0
2014-05-25,0,0,2,0,1,0,0,0,0,2,1,0,0,1,0,0,0,0,0,0,2,0,1,0,0,0,0,0,5,0,2,0,1,1,0,2,3,4,1,0,3,0,0,1,0,0,1,1,0,3,0
2014-06-01,0,0,5,0,1,5,0,4,10,3,0,10,0,1,0,0,0,3,3,0,2,2,3,0,5,0,18,0,5,0,1,0,3,1,0,2,3,1,1,0,0,0,0,3,0,0,0,0,0,3,0
2014-06-08,0,0,0,10,2,0,0,0,0,1,1,0,0,0,8,0,0,0,0,0,4,1,1,1,0,0,0,0,0,0,1,0,2,1,0,2,0,1,2,0,6,0,0,1,0,0,1,0,0,0,0
2014-06-15,0,0,6,0,2,0,2,0,0,2,1,10,0,1,3,0,0,3,3,0,2,2,2,1,0,1,0,4,0,0,1,0,2,2,0,1,3,3,3,0,3,0,0,1,0,0,1,0,0,2,27
2014-06-22,4,0,2,0,1,0,0,0,0,1,1,10,0,1,0,0,0,0,3,0,3,1,2,1,0,1,0,0,0,0,3,0,2,1,0,2,5,0,1,0,0,0,0,1,0,0,1,1,0,2,0
2014-06-29,0,0,2,0,0,0,2,4,0,3,1,10,0,2,3,0,0,3,0,0,2,2,1,0,0,0,0,0,0,0,0,8,1,1,10,1,0,0,1,0,3,0,3,1,0,0,1,1,0,0,0
2014-07-06,0,0,2,0,1,3,0,0,10,1,1,10,0,2,0,0,2,0,3,0,2,0,4,0,0,0,18,0,0,0,2,0,2,1,0,0,3,0,3,0,3,0,2,1,0,0,1,0,0,2,0
2014-07-13,0,0,0,0,1,0,2,0,0,2,3,0,0,2,3,4,0,3,4,0,2,1,2,1,0,1,0,0,0,0,2,7,1,1,0,1,4,1,2,0,0,0,0,1,0,0,1,3,0,2,0
2014-07-20,3,0,2,0,1,3,4,5,0,4,1,0,0,1,0,0,3,0,3,0,4,2,4,1,6,1,0,0,5,0,2,0,1,1,0,1,0,1,2,0,0,0,3,1,0,0,1,2,0,2,0
2014-07-27,0,0,4,0,2,3,4,0,0,2,1,0,0,1,3,4,2,6,6,0,3,2,2,1,0,2,0,0,0,0,3,0,2,2,0,3,0,0,1,0,6,0,0,1,0,0,0,0,0,4,25
2014-08-03,4,0,2,0,3,1,4,0,11,5,3,5,0,2,0,0,4,3,3,0,2,2,3,4,0,6,18,0,0,0,3,0,3,2,0,4,4,1,2,9,0,0,0,3,4,0,1,1,0,2,0
2014-08-10,7,0,6,5,4,1,0,2,0,6,5,10,0,4,2,0,2,5,4,8,2,3,2,5,6,3,0,0,0,0,3,7,3,3,0,3,0,2,3,0,5,0,2,2,0,0,1,3,0,2,0
2014-08-17,16,0,11,5,5,1,2,0,0,9,2,0,0,3,0,0,7,6,6,0,4,5,5,7,0,7,17,4,0,8,5,6,3,6,9,2,3,1,7,0,6,8,6,4,0,0,1,3,0,3,24
2014-08-24,13,0,9,4,7,3,9,3,0,6,5,9,0,6,9,0,7,9,5,0,8,4,5,9,11,10,0,8,5,16,7,6,6,5,0,7,2,3,6,0,3,8,5,4,0,0,2,4,8,7,0
2014-08-31,10,34,11,4,11,10,4,3,9,12,9,14,9,8,7,3,3,13,11,0,8,9,13,11,6,8,17,8,19,0,14,6,11,6,9,12,3,6,4,0,16,8,5,9,16,0,3,6,15,6,0
2014-09-07,28,0,25,15,19,13,17,17,9,25,15,18,9,13,11,41,15,16,31,7,16,18,16,20,16,15,16,15,18,7,16,18,17,22,21,20,12,9,19,7,23,0,14,16,22,38,13,16,15,8,22
2014-09-14,36,11,35,17,28,23,23,27,0,31,19,69,34,25,34,25,15,24,21,22,27,24,40,30,5,26,16,19,27,66,34,12,28,28,17,32,25,23,37,22,26,7,16,22,15,38,13,24,30,24,45
2014-09-21,40,11,42,21,44,25,17,19,18,39,28,42,17,31,45,29,29,39,36,22,39,43,46,39,11,35,56,23,50,58,45,12,33,40,39,36,23,24,38,22,31,15,50,38,45,13,21,33,23,34,22
2014-09-28,23,44,70,43,58,34,44,34,36,46,38,56,51,31,66,54,30,38,64,51,52,55,48,31,44,52,48,30,83,43,65,37,41,43,33,47,34,23,52,50,39,15,45,49,54,24,27,46,75,44,45
2014-10-05,51,32,54,44,63,61,56,57,55,65,48,71,17,48,90,55,45,44,67,44,64,67,74,62,55,59,64,15,73,51,83,25,57,65,38,52,43,24,71,57,47,81,58,52,38,85,34,59,37,52,56
2014-10-12,97,33,58,66,65,67,54,47,37,61,56,70,67,54,94,43,45,62,71,60,81,85,95,74,55,82,81,46,83,22,72,100,62,71,59,62,53,28,73,37,75,22,66,66,89,24,37,77,59,64,56
2014-10-19,52,66,56,44,63,55,53,51,46,53,48,60,60,46,75,41,34,60,63,94,71,81,70,56,61,38,55,71,39,50,65,73,61,53,37,61,40,30,73,49,74,50,47,47,100,35,33,64,82,64,45
2014-10-26,63,22,50,66,48,42,36,40,37,38,40,72,78,37,38,59,29,40,47,44,49,46,46,37,38,39,63,33,63,35,53,19,44,47,52,44,42,13,56,35,56,50,40,34,42,82,29,43,47,41,66
2014-11-02,54,43,53,29,50,21,31,29,37,36,34,24,68,29,28,27,30,30,62,44,37,33,48,40,59,32,38,18,51,28,45,30,39,42,20,33,30,17,40,27,27,21,35,29,67,22,19,40,38,44,86
2014-11-09,25,21,23,29,39,24,44,24,27,31,26,30,33,26,37,21,17,29,37,22,26,45,40,32,21,46,37,29,17,43,30,37,32,32,16,28,24,11,30,21,52,7,25,25,40,12,17,28,23,29,32
2014-11-16,17,43,24,37,28,30,13,22,56,27,26,43,17,18,33,6,8,33,21,15,27,19,34,22,27,16,31,22,51,21,29,13,26,22,16,17,14,8,24,35,23,7,16,22,28,11,12,24,30,22,0
2014-11-23,16,11,27,21,18,15,14,15,30,23,16,6,9,12,24,20,6,19,27,16,16,14,15,23,6,18,32,4,17,8,18,21,21,11,0,15,16,8,16,22,44,8,10,12,14,26,12,19,26,16,23
2014-11-30,27,21,17,23,21,17,14,35,44,26,21,29,8,17,15,9,11,21,30,14,27,16,19,26,36,18,22,24,21,7,23,24,22,21,23,24,16,8,15,0,28,0,18,22,17,11,11,18,7,18,0
2014-12-07,28,53,21,12,19,13,12,12,9,19,19,12,16,19,26,15,19,25,18,7,20,16,22,27,27,13,15,11,16,7,17,26,21,24,23,19,18,8,20,13,24,13,14,24,30,0,8,15,22,15,21
2014-12-14,27,11,15,6,14,13,7,10,0,18,22,12,17,16,16,12,4,27,31,8,15,13,26,28,11,20,33,11,35,8,12,0,20,15,8,17,7,5,17,14,20,0,25,16,3,0,8,14,0,13,22
2014-12-21,36,13,6,11,12,14,19,9,12,11,15,7,0,6,15,4,7,16,16,0,18,9,20,14,20,13,19,4,12,9,19,16,15,16,0,18,9,3,11,0,33,0,16,13,16,13,5,15,9,16,26
2014-12-28,12,12,25,5,13,14,21,21,11,13,17,19,18,12,19,28,11,28,19,24,19,11,20,11,12,20,17,8,11,32,23,0,19,18,13,17,10,5,20,16,27,0,19,14,14,0,12,17,17,21,23
2015-01-04,14,11,15,21,17,10,15,17,10,15,12,24,8,10,16,15,10,20,18,14,18,17,25,6,0,10,38,4,32,22,23,13,18,20,12,11,12,7,20,7,21,0,22,13,13,11,9,14,15,18,31
2015-01-11,18,11,14,10,15,15,4,2,29,11,8,12,16,8,7,6,10,15,18,14,13,14,8,5,5,7,0,7,27,15,20,0,17,14,20,14,13,7,16,7,27,13,20,9,18,11,5,21,7,13,21
2015-01-18,14,0,14,10,11,5,4,10,0,10,8,6,8,5,5,12,0,7,15,7,8,12,9,3,10,4,46,11,16,15,9,0,8,10,0,6,9,7,11,14,13,7,7,8,4,11,6,12,0,8,42
2015-01-25,14,32,3,10,10,3,6,5,0,6,5,30,24,6,0,11,4,7,17,14,7,7,6,8,5,1,0,3,16,0,9,0,10,8,8,4,6,2,4,7,13,13,9,6,7,0,2,7,7,6,20
2015-02-01,10,0,12,10,8,4,2,5,9,6,5,6,8,4,14,9,4,9,6,0,4,5,9,5,5,1,14,3,5,0,6,0,7,7,15,4,7,2,6,0,3,0,3,5,7,11,3,8,14,6,20
2015-02-08,0,0,9,8,5,4,8,6,0,7,5,6,8,2,5,3,2,3,6,7,8,7,8,5,15,4,15,0,5,7,5,6,5,5,0,4,2,1,6,6,5,6,8,3,3,0,2,5,7,6,20
2015-02-15,7,11,4,4,7,7,0,6,0,5,4,14,0,4,2,3,4,2,5,8,6,3,4,4,5,6,15,3,5,7,7,12,5,3,8,5,3,6,5,0,5,0,1,4,4,0,2,4,0,3,0
2015-02-22,3,0,5,4,5,5,6,8,9,4,3,0,8,2,5,0,2,3,3,7,2,4,5,6,0,1,15,3,0,8,4,6,6,6,8,4,3,0,4,0,0,0,2,4,0,22,1,3,0,3,19
2015-03-01,0,10,3,0,4,5,4,1,0,4,2,6,0,1,2,0,0,5,5,7,7,4,6,7,0,4,0,0,5,0,5,0,3,5,15,3,2,1,2,0,3,0,10,2,4,0,1,4,0,2,0
2015-03-08,0,11,2,4,4,0,0,3,0,3,2,0,16,3,2,6,2,4,7,0,3,3,4,0,15,3,15,0,5,7,3,0,3,2,8,4,3,1,4,0,5,0,2,4,0,0,1,3,0,3,0
2015-03-15,0,0,5,9,3,0,2,1,9,2,2,0,0,4,2,0,0,3,3,0,4,3,3,0,0,3,14,0,0,8,3,0,2,3,0,0,2,1,2,20,0,7,1,1,7,10,0,3,0,2,0
2015-03-22,13,0,4,0,2,2,2,0,0,1,3,0,0,1,0,0,2,4,4,0,0,2,3,0,15,0,16,0,6,0,3,7,2,4,0,2,2,2,2,0,3,0,0,3,0,0,2,4,0,3,0
2015-03-29,0,0,4,7,3,1,6,1,0,1,2,0,8,3,3,3,4,2,0,0,5,1,1,3,0,3,16,0,6,0,2,0,1,3,0,2,3,0,2,0,0,0,1,1,0,0,1,3,7,4,0
2015-04-05,0,0,2,0,2,0,6,5,0,3,2,0,0,3,2,3,0,3,4,0,0,3,2,1,0,1,0,0,0,0,3,12,1,3,8,5,3,0,4,0,3,0,0,2,0,0,2,3,0,1,21
2015-04-12,4,0,2,4,2,4,5,3,9,3,2,0,0,4,5,0,2,3,0,7,2,2,5,3,0,1,15,3,5,0,2,0,2,1,8,2,0,5,1,7,0,0,0,2,0,0,0,2,0,4,0
2015-04-19,0,0,4,4,2,6,4,3,0,2,1,0,0,2,7,3,0,2,0,16,2,4,5,5,0,0,0,3,0,0,2,12,1,1,0,2,1,1,2,7,3,0,1,1,4,0,1,3,0,3,0
2015-04-26,0,0,4,0,1,0,0,0,10,2,1,0,8,2,0,0,2,0,3,0,2,2,5,3,0,3,0,0,0,0,2,0,1,1,0,2,2,1,1,0,3,0,2,1,0,0,1,3,0,1,0
2015-05-03,0,0,0,4,2,1,2,1,0,2,1,7,0,2,0,0,0,0,3,0,3,2,1,1,7,0,0,0,0,0,1,0,2,2,0,2,0,0,3,0,0,0,1,1,0,0,2,2,15,1,0
2015-05-10,0,11,0,0,2,1,0,1,0,1,1,0,0,1,3,6,0,2,4,0,2,1,2,1,0,3,0,0,0,0,1,0,1,1,0,1,1,2,1,0,3,0,3,1,0,0,1,1,0,1,0
2015-05-17,8,0,0,9,1,0,0,1,0,3,2,0,0,1,0,0,0,0,4,0,0,1,1,1,8,2,0,0,0,0,1,0,2,2,0,3,3,2,1,0,0,8,4,1,0,0,0,0,8,1,0
2015-05-24,0,0,0,0,2,0,0,2,0,1,1,0,0,1,0,0,2,0,0,0,2,2,1,4,0,2,0,4,0,0,0,0,2,2,0,2,2,0,1,8,3,0,1,1,0,0,0,2,0,1,0
2015-05-31,0,0,0,0,2,2,0,0,0,1,2,0,0,1,0,0,0,0,4,0,0,1,0,1,0,3,0,0,5,0,1,0,1,2,0,3,2,0,1,0,0,0,1,1,0,0,1,2,0,3,0
2015-06-07,0,11,2,0,2,0,2,0,0,3,1,8,0,1,3,0,0,2,4,0,5,1,2,1,0,0,0,4,5,0,1,0,1,2,0,2,2,2,3,0,0,0,0,2,0,0,0,2,0,2,0
2015-06-14,4,0,2,0,1,2,0,0,0,1,0,7,0,1,0,0,2,4,0,0,0,1,4,0,0,0,0,0,0,0,1,7,1,1,10,2,3,2,0,0,0,9,0,1,4,0,1,1,0,2,22
2015-06-21,0,0,0,0,1,0,4,0,0,2,3,0,0,1,0,0,0,2,0,0,2,5,3,0,0,2,0,0,0,0,2,0,1,1,0,2,2,0,0,7,2,0,1,1,0,0,0,1,0,2,0
2015-06-28,0,0,2,5,2,0,0,1,0,2,2,0,0,0,3,0,0,0,0,0,2,2,1,0,0,3,0,0,5,0,2,0,2,1,0,1,0,3,3,0,5,0,0,0,0,0,1,3,0,0,0
2015-07-05,4,0,4,0,2,3,2,2,0,3,2,0,0,3,0,0,0,3,0,0,2,2,0,2,0,0,0,3,0,0,2,0,1,0,0,0,0,4,3,0,0,0,0,1,0,0,2,1,0,2,0
2015-07-12,0,0,0,5,1,1,0,0,0,2,2,0,0,1,0,0,0,0,8,0,2,1,1,1,0,2,0,0,0,0,2,0,1,1,0,1,3,2,1,0,2,0,2,1,0,0,1,1,0,2,0
2015-07-19,0,0,6,0,1,0,0,2,11,2,3,0,0,2,3,0,0,6,4,7,0,2,1,1,0,2,0,0,5,0,1,0,1,2,0,2,3,2,1,0,2,0,2,1,0,0,1,1,8,2,0
2015-07-26,0,11,4,5,2,3,4,0,0,2,2,0,0,2,3,3,0,3,8,0,2,1,3,3,0,2,0,7,0,8,4,0,1,2,0,3,3,0,2,0,2,0,0,1,0,0,0,2,0,2,0
2015-08-02,7,0,5,0,2,1,2,0,0,2,2,19,0,1,3,0,0,5,0,7,2,2,2,9,0,2,15,0,0,0,3,0,1,3,0,2,0,2,1,15,0,0,3,2,0,0,2,1,0,2,0
2015-08-09,4,11,7,0,4,4,2,5,11,4,2,0,0,2,5,3,6,3,4,0,2,3,4,6,0,2,15,0,15,0,3,7,1,3,0,2,4,2,1,8,2,0,0,2,8,0,3,2,0,2,0
2015-08-16,3,0,3,5,3,1,8,4,0,6,3,19,8,3,7,0,0,9,0,7,4,4,3,1,0,0,0,0,9,8,6,0,3,2,0,7,3,4,5,0,2,0,10,3,0,0,3,6,8,5,21
2015-08-23,7,0,7,6,6,5,4,7,0,5,6,28,0,3,7,9,0,6,11,0,4,4,6,4,0,4,0,6,10,0,6,0,6,6,0,10,4,4,6,15,9,0,6,4,4,0,6,7,0,4,20
2015-08-30,24,0,17,8,9,9,15,1,10,11,7,55,15,8,15,14,2,7,4,20,9,6,12,13,0,6,14,13,9,0,12,12,9,12,8,9,3,8,15,15,6,0,17,9,11,13,10,9,14,6,0
2015-09-06,17,10,14,11,14,12,6,8,0,14,13,19,0,11,14,14,5,7,11,20,17,14,12,15,0,9,21,10,28,8,14,13,10,13,9,14,7,14,16,0,6,22,13,12,7,0,7,12,7,10,0
2015-09-13,29,0,28,12,24,22,7,13,40,24,21,37,14,18,17,22,7,41,11,13,24,26,27,18,27,22,20,29,23,30,24,30,22,26,16,23,19,10,22,20,19,14,19,21,17,24,25,21,14,23,19
2015-09-20,22,30,45,12,36,16,21,19,30,26,27,46,51,26,33,22,20,38,33,26,31,32,38,53,27,36,34,13,32,23,40,36,31,32,40,33,28,26,33,19,28,14,25,25,45,24,36,33,35,32,37
2015-09-27,47,10,43,35,51,42,22,30,59,47,35,76,29,33,26,46,20,39,41,25,44,44,52,34,33,47,54,25,32,53,46,12,41,35,32,40,33,37,38,57,26,14,36,34,21,36,38,47,69,40,28
2015-10-04,85,40,62,45,61,52,37,43,50,44,51,29,72,49,50,33,30,60,71,52,49,61,80,51,67,76,54,57,42,100,71,61,61,61,40,60,48,63,80,78,54,71,80,57,32,74,51,45,50,57,66
2015-10-11,47,10,56,51,52,60,53,48,39,47,47,48,63,45,60,46,36,47,84,33,63,72,65,54,100,36,75,48,50,54,59,42,54,55,51,58,47,55,55,46,66,64,49,44,58,24,48,47,58,56,48
2015-10-18,89,50,53,56,57,53,52,40,37,42,59,93,88,44,56,61,23,80,54,47,58,60,66,52,57,49,87,22,42,72,56,54,55,52,51,59,59,51,61,49,100,33,55,42,53,74,53,52,72,49,56
2015-10-25,32,31,61,48,51,47,48,32,36,40,39,28,40,44,42,58,34,57,60,34,55,58,66,47,40,38,78,53,73,35,42,58,41,44,22,50,57,40,43,25,56,60,49,36,45,49,41,44,43,54,37
2015-11-01,44,20,25,29,48,32,34,32,27,34,30,47,52,30,35,37,21,50,29,93,33,39,46,27,19,43,39,37,47,36,41,46,32,39,30,38,30,27,40,24,53,26,27,28,48,25,31,35,28,43,63
2015-11-08,26,10,26,17,41,36,25,17,9,29,24,19,13,26,27,16,15,32,36,54,36,27,28,24,20,37,59,35,32,29,33,35,32,27,23,30,18,23,37,37,18,20,26,23,38,12,24,28,28,22,45
2015-11-15,13,0,37,20,33,23,12,30,9,24,24,55,27,19,17,29,9,26,41,40,24,21,34,15,20,16,45,12,57,15,25,23,27,24,8,25,19,16,26,37,34,13,7,17,14,25,21,27,0,31,26
2015-11-22,15,21,21,16,21,11,17,11,0,17,15,19,7,12,20,20,8,21,24,50,19,20,21,12,24,17,0,23,15,8,21,6,18,18,8,16,10,15,14,13,15,7,21,15,11,29,11,14,0,10,19
2015-11-29,9,39,21,19,22,14,13,14,27,18,13,9,13,14,2,13,2,20,24,32,20,15,24,17,0,21,13,9,23,21,20,11,17,12,0,15,10,14,12,0,24,6,9,10,23,0,15,12,0,20,35
2015-12-06,12,0,23,12,15,9,10,12,9,14,10,0,12,9,8,10,2,14,12,13,14,21,20,20,10,8,12,6,29,7,21,11,15,10,0,13,10,12,21,0,13,11,14,9,10,12,5,14,14,11,0
2015-12-13,10,0,12,6,15,3,5,6,9,13,10,0,20,9,15,15,3,3,9,26,17,10,16,15,22,10,26,3,14,7,20,12,14,13,0,14,3,10,14,6,15,6,12,8,18,0,10,12,7,15,0
2015-12-20,12,0,10,6,12,5,12,6,11,12,9,0,8,7,17,9,0,3,13,0,9,11,12,11,0,9,30,4,5,0,14,7,12,11,0,5,6,5,10,7,3,0,8,8,0,15,15,6,6,9,0
2015-12-27,6,0,14,8,11,9,7,9,10,8,7,9,7,7,5,6,1,8,7,21,5,12,7,10,0,6,0,0,5,7,12,17,10,5,0,8,5,6,7,0,0,7,4,4,11,13,7,4,13,7,20
2016-01-03,7,10,7,3,11,9,9,3,0,9,7,0,0,8,6,5,3,8,14,0,9,16,9,10,4,2,24,15,8,6,17,0,11,8,7,9,7,3,6,12,4,5,9,6,14,11,5,7,0,7,0
2016-01-10,6,0,11,13,8,6,10,8,12,7,7,7,12,4,4,5,2,7,6,17,8,11,9,2,7,6,12,3,11,0,10,4,9,11,12,6,6,7,8,6,4,4,4,6,0,10,3,8,0,9,0
2016-01-17,9,10,12,5,8,8,9,5,6,7,5,8,6,5,3,7,2,6,6,12,5,6,6,7,7,7,12,6,15,6,9,4,7,5,6,6,5,5,6,6,6,0,6,6,11,0,7,12,0,8,0
2016-01-24,0,9,7,5,9,7,4,3,6,10,3,0,0,4,7,2,2,7,10,0,3,6,5,2,4,1,0,6,4,6,7,0,6,6,13,6,6,5,8,29,2,5,6,5,3,0,3,8,0,7,0
2016-01-31,2,0,10,3,8,3,9,5,0,5,5,22,0,5,6,2,5,6,3,6,6,5,7,1,3,8,0,3,0,11,9,4,7,3,12,4,6,3,6,6,2,5,5,6,0,0,5,7,11,6,0
2016-02-07,6,9,4,4,7,0,9,3,0,5,4,0,0,4,7,0,4,5,8,12,5,5,7,2,0,6,0,0,8,5,6,8,7,5,6,6,3,5,5,5,12,6,8,5,8,0,5,6,0,5,16
2016-02-14,13,0,17,0,7,3,5,1,0,7,4,7,6,4,6,0,4,6,5,0,3,6,5,5,3,6,12,3,8,11,11,0,7,5,0,6,4,2,3,6,8,0,9,5,6,18,7,3,16,4,16
2016-02-21,6,0,14,4,8,6,8,10,0,6,6,7,0,5,3,4,4,6,5,11,5,5,11,7,14,4,12,3,8,17,7,0,8,2,6,5,3,5,4,0,6,0,3,4,5,0,5,5,0,8,16
2016-02-28,2,9,14,8,7,4,4,7,0,6,4,22,0,5,4,4,3,9,12,0,3,3,8,6,7,4,12,3,16,0,8,4,7,5,6,3,6,3,8,0,10,5,3,6,5,0,1,6,5,5,16
2016-03-06,10,0,7,4,5,5,6,6,0,6,6,0,0,3,9,2,0,4,5,12,5,5,4,7,3,4,0,6,4,6,6,4,7,5,0,4,2,4,2,6,6,0,2,4,5,0,8,6,10,6,16
2016-03-13,2,0,4,3,4,6,5,3,13,3,4,7,6,2,6,5,0,6,7,12,4,2,6,7,0,2,12,6,0,6,6,4,7,3,7,2,2,3,5,6,4,0,3,4,8,0,3,3,11,3,33
2016-03-20,4,0,9,0,3,1,4,4,0,5,4,8,0,2,3,4,2,5,3,6,4,3,5,2,0,3,12,0,8,0,4,9,5,5,0,4,3,6,5,0,2,0,3,2,8,0,3,6,12,2,0
2016-03-27,2,0,6,0,3,4,5,3,0,4,4,22,6,3,6,0,0,4,6,0,3,6,3,2,0,3,12,0,4,0,4,0,4,5,0,4,0,2,5,6,2,11,4,3,3,0,1,5,6,6,0
2016-04-03,2,0,11,6,4,6,2,4,0,3,3,0,6,2,0,2,0,6,4,6,1,4,3,4,0,5,25,3,0,0,3,4,2,3,6,3,3,2,2,0,0,0,1,2,3,10,2,1,5,2,0
2016-04-10,2,0,4,0,2,2,1,3,0,3,2,7,0,2,6,9,5,7,2,6,3,2,5,5,0,1,0,0,0,0,2,0,4,2,0,2,2,0,3,0,2,0,2,3,3,0,1,3,0,1,0
2016-04-17,4,0,4,5,3,4,0,3,0,2,2,7,0,3,1,0,2,4,8,0,1,5,5,4,0,4,12,0,0,11,3,0,3,4,6,3,0,4,2,0,4,5,4,2,0,0,4,3,6,2,0
2016-04-24,11,18,4,4,3,2,3,3,6,3,1,0,0,1,1,0,0,2,0,0,3,3,4,2,0,3,0,5,4,0,2,4,3,3,0,3,4,1,3,0,2,0,1,2,5,0,3,3,0,2,0
2016-05-01,2,0,3,3,3,1,0,0,0,4,2,0,0,1,1,5,0,4,2,6,1,2,3,3,4,1,13,0,4,0,3,4,4,2,7,1,4,3,1,11,2,0,1,2,0,0,1,1,0,3,0
2016-05-08,2,0,1,0,3,2,1,3,0,3,2,0,0,1,1,0,2,2,5,0,1,2,2,1,0,1,0,5,4,6,2,4,3,2,7,1,2,1,1,6,0,0,0,2,0,0,3,1,0,1,0
2016-05-15,2,0,0,0,3,1,0,0,0,3,1,23,0,2,6,0,0,2,0,0,1,2,1,4,0,2,0,0,4,5,2,0,2,1,0,1,2,3,1,0,0,0,1,1,0,0,0,1,0,3,0
2016-05-22,5,0,0,0,2,0,1,0,7,1,3,8,0,1,2,0,0,2,0,0,1,1,1,0,4,1,0,3,0,0,2,0,2,2,0,1,2,0,1,0,0,0,0,2,3,0,3,1,6,3,0
2016-05-29,5,0,3,3,1,2,0,0,0,1,1,8,0,1,2,0,0,0,2,0,1,2,2,0,4,0,0,3,4,0,0,5,2,2,7,1,0,2,0,0,2,6,2,2,3,0,1,0,0,4,0
2016-06-05,0,0,2,0,1,2,1,4,14,2,1,0,0,1,0,0,0,2,0,0,1,2,2,1,0,0,13,3,0,0,2,0,2,2,0,3,0,0,1,6,2,0,4,2,0,0,1,1,6,3,0
2016-06-12,0,0,2,3,1,1,0,1,0,3,2,0,7,1,2,0,2,0,0,0,1,1,2,0,0,2,0,0,0,6,2,0,2,1,0,1,2,2,1,19,4,0,2,1,6,0,1,2,0,3,0
2016-06-19,2,0,0,0,2,1,0,0,0,4,1,0,0,1,2,0,2,0,3,0,1,1,1,4,4,1,0,0,0,0,0,0,1,2,7,2,2,3,1,0,2,0,3,1,3,0,1,1,0,1,0
2016-06-26,0,0,2,0,1,0,1,0,0,1,2,0,13,1,5,0,2,2,2,0,1,1,1,4,0,1,0,0,0,0,3,0,1,1,0,1,2,2,1,0,0,0,0,1,0,0,1,2,0,0,0
2016-07-03,2,0,0,3,1,1,1,2,0,1,1,0,0,1,0,0,0,2,5,0,1,2,2,0,0,4,0,0,4,0,1,0,1,0,0,1,0,2,0,0,7,0,1,1,3,0,0,1,0,1,0
2016-07-10,0,0,0,0,2,0,0,0,7,0,3,8,7,2,2,0,2,6,8,0,2,2,1,2,0,0,0,0,8,0,2,0,2,2,7,2,2,2,2,6,2,0,1,1,0,0,1,1,6,1,0
2016-07-17,0,0,5,8,2,0,1,0,7,1,2,0,13,2,0,0,4,0,5,0,2,2,2,2,0,0,13,0,4,0,3,0,1,1,7,1,4,3,1,0,0,0,0,2,3,0,0,2,0,2,0
2016-07-24,0,0,2,6,2,1,1,0,0,3,2,7,0,2,3,0,0,2,0,0,2,2,2,0,0,0,13,3,0,12,3,4,1,0,14,1,4,2,1,6,6,0,1,1,0,0,1,2,0,1,0
2016-07-31,0,9,2,0,3,0,1,2,0,3,4,0,0,1,0,0,4,2,2,0,2,2,3,0,0,0,0,6,0,0,3,0,2,2,0,1,0,1,2,0,0,6,1,2,3,0,1,2,0,2,17
2016-08-07,5,0,10,6,3,1,3,4,0,4,3,0,0,2,2,3,2,2,3,0,2,1,1,0,0,2,0,3,0,0,4,0,4,4,0,5,2,1,3,0,7,0,4,3,0,0,3,3,13,5,0
2016-08-14,12,0,3,4,4,1,3,5,0,6,6,8,7,3,5,0,0,4,3,12,5,5,4,4,4,5,0,3,0,6,5,0,5,4,0,3,4,2,7,0,4,0,2,5,3,0,3,2,6,4,0
2016-08-21,11,9,9,0,7,5,8,0,0,10,5,0,7,5,6,8,5,4,3,6,6,6,5,10,7,3,0,6,0,18,8,0,4,5,0,6,3,5,4,0,6,6,3,6,3,0,5,4,12,4,0
2016-08-28,8,19,12,4,10,6,3,4,13,11,11,7,0,5,14,5,8,5,9,0,6,9,8,6,14,7,30,3,20,0,9,26,6,7,0,9,6,4,4,12,8,0,13,8,11,22,8,5,6,6,0
2016-09-04,29,0,22,18,16,17,14,6,12,16,14,59,6,11,6,18,5,17,14,6,15,15,17,10,21,10,12,5,20,23,20,9,16,14,6,14,11,8,18,0,20,0,11,15,6,0,11,13,17,12,0
2016-09-11,27,18,34,11,29,13,18,18,6,31,20,50,35,22,22,13,8,20,10,0,21,24,28,34,10,27,35,16,35,33,28,13,24,23,12,23,11,15,27,11,23,0,26,24,24,43,24,23,39,15,0
2016-09-18,33,18,32,26,38,15,12,26,25,30,19,43,35,26,35,29,17,44,21,32,38,28,35,30,10,34,29,18,11,27,29,30,27,27,18,26,27,26,35,16,23,10,36,27,29,21,23,34,43,26,0
2016-09-25,54,28,55,25,45,27,27,20,50,41,41,37,59,37,53,36,19,46,35,50,42,40,50,53,14,36,42,32,53,44,44,39,42,41,19,43,33,33,39,27,43,22,38,37,57,21,38,49,38,35,16
2016-10-02,63,45,47,37,55,63,30,44,37,33,41,43,47,44,42,56,22,64,46,100,46,58,58,46,41,58,46,50,71,60,55,30,51,46,55,51,48,49,69,61,42,21,39,45,88,50,45,55,60,50,78
2016-10-09,55,37,44,33,56,58,37,56,45,35,47,22,100,39,71,61,27,48,52,33,61,48,61,51,74,51,99,56,58,59,60,56,52,53,65,46,52,37,63,63,41,37,58,41,63,20,46,50,50,64,32
2016-10-16,43,29,38,42,52,51,35,32,45,42,34,44,41,40,46,41,34,39,62,60,54,53,53,65,46,36,85,48,45,49,50,53,50,53,54,41,33,31,50,58,59,32,44,35,48,61,42,43,65,46,65
2016-10-23,36,38,53,43,46,42,49,46,32,44,36,30,29,33,50,27,31,46,44,33,46,47,52,30,35,43,47,27,64,64,45,35,46,37,37,46,31,40,53,58,48,32,46,31,41,30,34,33,44,50,24
2016-10-30,29,47,39,37,40,35,27,18,32,30,25,22,23,25,38,31,23,40,30,11,32,44,37,35,35,33,42,42,42,48,37,26,39,32,31,32,21,21,38,32,32,11,25,25,32,51,32,35,33,35,49
2016-11-06,24,18,27,22,29,28,20,15,12,24,27,7,27,22,24,27,23,29,37,27,21,28,30,22,36,25,33,34,25,10,31,25,28,28,17,29,21,21,29,37,25,41,27,18,30,47,25,29,21,31,29
2016-11-13,18,19,21,17,26,22,20,24,25,21,28,7,55,19,30,30,21,19,24,6,20,23,27,21,23,15,23,15,22,37,29,13,26,21,24,25,21,14,29,32,32,0,16,17,29,0,22,21,21,21,46
2016-11-20,13,10,14,21,17,21,18,3,6,17,13,0,24,13,23,5,16,15,10,35,22,19,19,16,33,17,49,24,31,16,20,18,19,12,16,17,12,11,19,17,16,16,19,13,33,0,16,10,23,18,16
2016-11-27,17,9,30,8,22,20,19,11,17,15,14,7,21,15,16,20,8,12,13,21,21,18,23,12,19,17,11,22,18,30,22,27,18,17,8,17,12,10,20,5,11,24,21,13,10,0,15,13,10,19,44
2016-12-04,13,9,21,12,15,6,9,11,11,15,12,13,20,11,11,10,12,18,16,16,18,15,19,21,12,18,21,5,14,20,16,15,16,15,11,13,13,15,16,5,16,5,11,12,27,9,10,10,5,11,29
2016-12-11,12,0,14,15,16,11,8,8,0,13,11,14,21,11,9,8,0,14,14,0,11,13,15,5,10,7,16,5,18,5,20,11,14,12,9,13,8,7,17,25,19,10,12,10,20,19,15,13,10,12,15
2016-12-18,13,0,6,9,15,10,12,11,19,13,10,7,12,10,3,14,2,9,17,18,8,8,10,8,7,3,23,11,19,22,17,17,15,10,10,12,5,13,10,16,19,11,11,11,14,21,9,10,11,8,25
2016-12-25,9,0,6,7,13,8,11,6,0,9,10,7,6,9,12,5,2,13,21,18,13,8,7,10,14,8,23,6,0,21,19,0,16,9,10,10,4,15,11,17,12,11,12,9,14,30,11,17,22,7,16
2017-01-01,10,0,10,5,15,4,16,11,0,13,11,14,0,6,11,4,5,12,9,17,8,11,14,8,7,9,27,16,11,25,25,0,18,8,9,8,15,13,13,10,18,0,11,7,10,10,16,36,5,11,15
2017-01-08,12,9,12,11,16,9,10,8,0,11,13,20,10,11,9,10,14,11,11,21,12,15,15,9,6,16,11,10,10,31,19,8,17,10,23,9,11,11,17,25,2,10,14,6,12,10,13,32,20,6,15
2017-01-15,13,0,9,4,12,7,12,4,0,12,10,33,0,7,8,8,2,17,12,21,9,8,13,12,13,10,32,10,17,5,15,8,15,10,6,13,17,13,8,15,15,15,14,9,25,9,11,23,10,11,30
2017-01-22,9,9,11,8,11,9,11,0,0,8,11,20,15,7,11,4,8,16,14,16,8,11,9,7,3,9,21,12,10,10,12,0,16,12,17,11,9,10,12,5,16,5,11,9,10,9,5,16,19,7,22
2017-01-29,9,27,6,5,11,9,8,11,0,12,15,13,15,8,15,12,5,5,18,15,9,9,15,9,9,11,16,12,10,5,16,27,16,10,8,12,12,8,11,18,21,5,15,9,12,19,10,14,0,7,42
2017-02-05,7,9,12,14,10,8,5,10,6,8,15,13,5,10,7,18,16,9,12,20,11,6,10,9,18,16,52,10,4,14,10,16,14,10,6,11,14,7,10,5,23,19,22,12,7,9,9,8,5,10,14
2017-02-12,11,0,6,12,9,7,2,4,11,10,14,6,15,8,6,14,3,11,21,0,11,7,15,13,6,6,11,12,0,5,8,15,10,15,6,15,16,9,13,13,9,5,10,10,2,9,7,6,10,8,0
2017-02-19,13,18,8,9,6,4,2,7,0,9,7,13,5,6,8,10,3,8,13,11,10,10,10,7,0,7,10,7,7,5,9,20,5,14,9,8,12,2,11,19,14,0,14,7,0,0,8,8,24,10,14
2017-02-26,5,17,6,6,6,5,8,4,0,6,5,6,10,4,10,4,1,6,10,0,5,5,10,5,9,5,0,0,0,15,7,4,6,11,5,5,5,4,6,4,10,0,8,6,7,0,7,6,9,5,0
2017-03-05,5,0,5,4,5,4,3,3,5,5,5,0,15,4,2,0,3,5,4,15,4,4,7,8,12,6,10,2,0,0,4,8,6,7,5,4,6,4,4,4,7,0,2,5,2,0,4,4,10,5,0
2017-03-12,4,0,1,9,3,4,5,1,0,5,2,13,5,3,4,0,0,8,3,5,4,4,4,5,7,5,0,0,10,0,4,0,5,7,9,5,2,3,2,9,8,9,4,3,7,0,4,5,5,6,0
2017-03-19,2,0,6,3,5,7,2,7,0,5,7,0,5,2,3,4,2,11,4,5,3,4,6,4,3,5,11,7,7,5,4,0,5,8,0,4,2,3,1,0,7,5,5,4,9,0,3,3,0,2,28
2017-03-26,10,0,3,2,4,1,1,0,0,4,3,0,0,3,4,4,2,3,4,0,5,3,3,6,0,2,0,2,0,9,3,12,4,6,6,3,5,5,4,5,9,0,4,3,5,0,2,4,0,4,0
2017-04-02,4,0,4,0,4,3,1,1,0,4,2,0,0,3,3,0,2,2,6,0,4,4,4,2,6,3,0,0,0,0,2,8,7,4,6,4,2,2,3,5,10,5,4,3,10,0,4,4,5,5,15
2017-04-09,0,0,1,0,3,4,0,1,0,2,4,0,0,1,1,2,0,2,2,0,3,4,4,1,0,0,11,2,7,10,3,0,4,2,6,2,5,2,2,0,4,0,2,2,0,0,1,3,0,3,0
2017-04-16,4,0,4,2,2,2,0,0,0,4,1,0,0,1,1,0,0,3,6,0,2,2,3,2,0,2,0,3,0,0,1,4,2,4,0,1,2,1,1,5,0,5,2,2,0,10,2,2,10,3,14
2017-04-23,4,0,10,2,2,4,2,0,11,2,1,7,0,1,4,0,3,2,2,0,1,2,2,4,0,4,0,2,0,0,2,0,3,1,6,2,3,2,2,5,2,0,0,2,2,10,1,2,0,2,0
2017-04-30,0,0,4,0,2,2,1,3,0,3,1,0,0,1,1,0,6,0,2,0,3,2,2,2,3,3,0,0,0,5,1,0,5,3,6,2,2,1,2,0,2,0,1,1,5,0,3,1,0,1,0
2017-05-07,0,0,3,2,2,1,0,0,0,2,2,7,11,2,3,2,0,3,8,0,2,2,2,1,0,1,0,0,3,0,3,4,3,1,0,3,0,1,2,5,0,0,1,2,5,10,2,2,0,2,14
2017-05-14,0,20,5,3,2,2,1,1,0,3,2,15,0,2,1,0,0,2,5,6,2,1,4,0,7,1,12,0,0,5,1,0,3,1,0,2,2,3,2,5,2,0,1,1,0,0,1,2,6,2,0
2017-05-21,0,0,1,0,2,2,5,0,0,1,2,8,0,1,0,2,2,2,0,0,1,3,2,1,7,1,0,0,7,0,3,0,3,1,0,2,2,1,1,0,0,0,1,2,0,0,1,2,0,1,0
2017-05-28,0,0,0,0,2,0,0,0,6,3,2,8,0,1,2,5,2,0,0,0,2,2,2,0,4,0,0,3,0,0,1,4,4,1,0,3,2,3,2,0,2,0,1,1,0,0,1,0,0,2,0
2017-06-04,6,0,3,3,2,1,1,1,0,4,2,0,0,2,0,0,1,4,5,5,2,1,2,1,3,1,0,3,0,0,1,0,5,1,0,1,2,2,1,0,4,0,0,2,0,0,2,1,0,1,0
2017-06-11,2,0,0,0,1,1,1,0,0,4,2,0,0,1,1,0,3,2,5,6,1,2,1,2,0,0,0,0,0,0,3,0,2,2,0,3,2,0,1,0,0,0,2,1,0,0,1,2,0,1,0
2017-06-18,4,0,3,3,1,1,1,1,0,1,1,22,0,1,1,0,0,2,2,0,1,3,2,1,7,4,0,0,0,0,2,0,4,2,0,1,2,1,0,5,0,0,2,1,0,0,2,1,0,1,0
2017-06-25,2,0,1,3,2,1,0,0,0,3,2,0,0,2,0,2,2,2,2,0,3,2,2,1,0,1,0,6,3,0,2,0,3,3,0,1,2,3,2,0,0,0,1,1,0,0,1,1,6,2,0
2017-07-02,0,0,0,0,2,0,1,2,0,1,1,0,0,0,3,3,0,0,2,0,1,1,3,2,0,0,12,3,0,0,2,0,4,2,0,1,0,1,2,0,2,0,3,1,0,0,2,1,0,0,0
2017-07-09,4,0,3,0,2,2,3,0,0,2,1,0,0,2,1,2,2,6,3,0,3,1,0,0,0,1,12,0,3,5,4,0,4,3,0,2,0,1,3,5,6,0,3,3,0,0,4,2,0,2,0
2017-07-16,2,0,3,3,3,2,1,0,6,1,2,7,0,2,3,2,7,4,5,0,2,1,1,2,0,0,0,5,0,0,2,0,3,1,0,1,2,1,2,0,2,5,1,2,0,0,6,1,0,1,0
2017-07-23,2,0,1,0,2,1,0,1,0,1,2,0,0,1,0,0,0,4,2,0,2,2,2,1,3,4,0,3,0,0,1,0,2,2,0,1,2,1,1,0,4,0,3,1,0,0,3,1,5,1,0
2017-07-30,2,9,5,3,3,1,3,3,6,3,7,7,0,1,3,7,3,4,4,0,3,2,2,0,0,0,11,3,7,0,3,0,3,3,6,2,2,2,2,15,0,0,3,4,0,0,4,3,0,5,0
2017-08-06,8,9,4,3,5,2,4,1,6,6,3,7,5,3,5,0,3,3,4,0,2,3,5,1,3,1,0,0,3,0,3,4,4,3,0,4,5,2,8,10,7,0,2,4,0,0,6,4,5,2,0
2017-08-13,8,9,4,5,7,4,3,4,6,12,7,14,0,4,7,5,0,3,4,0,6,6,6,3,6,2,11,8,4,10,9,4,6,6,0,4,6,6,7,0,4,0,3,5,3,0,6,5,21,3,0
2017-08-20,9,0,9,5,9,5,1,9,11,15,9,27,16,6,10,13,3,4,8,5,8,6,8,7,0,1,0,2,7,5,8,12,9,8,6,6,3,4,7,5,4,0,9,7,10,11,6,6,0,8,0
2017-08-27,15,0,15,4,10,6,9,7,28,16,12,14,22,9,7,10,1,10,9,5,11,10,13,8,3,10,11,7,10,21,14,4,11,11,6,8,11,6,13,5,16,5,11,6,5,0,6,9,15,8,28
2017-09-03,28,0,16,15,19,11,10,8,6,9,15,0,16,13,11,15,6,19,10,5,15,11,20,10,28,15,10,15,23,24,17,20,18,16,6,17,8,7,19,9,5,5,17,11,10,0,16,17,30,10,41
2017-09-10,32,18,33,10,29,16,18,21,16,16,17,47,15,21,26,36,6,28,23,15,22,26,30,21,15,17,30,17,13,15,24,8,28,22,0,23,17,25,30,27,27,9,22,22,39,10,26,19,39,16,26
2017-09-17,37,18,50,30,44,28,25,39,33,29,32,34,46,29,36,30,17,32,36,59,35,28,40,34,40,28,62,19,59,53,37,46,37,35,11,31,22,32,44,30,45,9,28,27,37,19,32,41,34,23,26
2017-09-24,49,64,60,35,62,48,36,23,27,48,40,67,43,32,50,40,26,51,52,61,43,45,48,35,31,35,65,44,50,49,42,61,40,50,20,42,37,33,51,35,40,14,53,36,54,95,36,58,35,45,41
2017-10-01,69,27,64,43,62,52,40,28,44,52,49,75,63,47,50,48,39,55,49,46,55,61,62,48,46,57,100,45,77,64,66,34,55,62,49,53,46,48,68,31,50,34,54,41,55,19,41,64,50,53,46
2017-10-08,52,18,53,50,60,68,47,40,16,49,56,49,52,50,62,52,33,64,57,51,52,60,79,62,54,61,69,53,53,48,54,50,51,50,37,44,48,41,58,68,51,44,50,47,63,45,49,59,63,63,34
2017-10-15,55,28,56,51,61,57,38,40,33,53,44,48,56,42,48,62,42,51,51,62,55,58,68,34,35,54,92,50,44,68,50,46,49,57,35,46,56,43,69,59,50,39,48,41,76,68,40,65,50,62,48
2017-10-22,43,28,51,49,48,48,54,30,55,51,45,41,41,38,61,67,35,53,42,20,46,54,57,41,46,41,48,67,23,87,51,39,44,46,48,50,45,34,50,99,59,38,40,37,47,48,39,52,53,57,62
2017-10-29,64,9,48,37,44,40,38,26,39,38,39,28,42,35,44,38,27,44,45,38,42,40,49,38,28,38,47,38,44,35,48,11,43,40,28,47,37,21,50,51,38,19,41,31,37,38,33,47,33,38,35
2017-11-05,38,46,36,44,43,32,29,27,21,34,33,14,15,26,41,33,33,28,32,35,35,35,43,38,21,39,72,44,41,34,38,22,33,37,8,31,37,16,41,19,39,24,34,25,38,55,34,36,28,35,27
2017-11-12,27,9,34,23,35,29,28,30,22,27,29,14,30,26,33,25,22,28,27,44,25,36,36,36,33,22,40,30,30,5,31,18,32,32,8,29,27,25,30,33,46,23,29,25,19,27,23,30,41,33,14
2017-11-19,14,0,22,23,26,8,14,5,17,19,22,36,22,16,20,19,13,18,20,26,23,25,19,30,10,22,11,17,33,19,26,25,21,19,14,21,23,19,26,27,33,25,18,18,23,0,18,21,20,21,30
2017-11-26,26,26,35,19,24,31,20,20,15,22,22,27,25,19,23,38,10,22,26,5,18,30,36,21,17,17,29,13,33,32,22,30,25,27,18,24,23,14,26,28,30,5,12,20,18,9,13,26,18,18,14
2017-12-03,29,35,40,27,26,28,23,24,36,31,21,7,0,23,29,19,19,25,33,39,25,33,30,21,24,28,25,31,17,47,30,34,28,29,16,32,18,18,32,38,35,27,20,24,21,17,26,23,36,28,35
2017-12-10,27,18,36,17,24,16,11,11,5,23,18,21,10,18,24,8,16,25,27,15,17,21,18,25,28,26,0,23,35,14,22,35,27,17,24,21,15,15,22,14,24,14,23,20,14,17,21,21,28,14,28
2017-12-17,21,9,34,24,23,18,16,9,6,19,15,7,6,19,24,6,9,28,40,0,14,16,22,9,13,19,11,5,22,20,21,29,21,17,17,20,20,12,14,42,25,25,29,22,18,10,16,12,20,9,22
2017-12-24,29,10,43,22,27,19,16,12,24,15,13,7,11,13,28,9,21,21,33,17,13,15,17,16,7,15,39,0,37,10,21,19,18,16,6,12,16,13,17,24,16,16,21,25,16,0,14,21,25,13,16
2017-12-31,27,9,39,22,38,13,13,30,5,19,17,7,52,17,23,14,16,20,34,25,15,14,22,16,9,21,20,7,28,0,26,18,17,16,11,17,9,19,14,16,16,14,26,23,12,9,15,25,14,9,21
2018-01-07,51,27,43,19,62,32,19,15,11,39,41,26,74,33,30,21,19,24,43,24,23,37,33,26,15,29,29,23,44,46,33,27,33,33,21,35,20,30,41,30,35,9,38,41,30,17,29,37,13,21,14
2018-01-14,100,35,43,21,69,29,56,43,43,73,54,68,65,33,47,25,41,39,47,39,34,54,57,35,30,38,34,16,61,77,65,57,62,43,21,47,34,38,60,75,65,0,32,41,37,51,49,49,36,35,21
2018-01-21,45,43,33,30,58,37,75,54,59,94,71,53,60,38,69,24,33,47,59,95,53,62,63,25,46,42,74,30,47,79,71,39,62,73,24,42,41,31,61,52,87,4,41,45,27,25,51,48,35,33,34
2018-01-28,51,35,34,36,47,42,68,35,31,91,83,61,44,38,46,41,55,45,80,89,65,69,63,39,26,36,33,32,57,82,86,37,75,71,29,44,51,26,63,66,85,22,49,48,43,50,60,39,43,43,67
2018-02-04,32,9,28,29,27,30,41,41,36,45,50,47,29,25,31,22,14,34,32,48,33,37,36,21,17,18,14,23,40,46,55,30,61,45,13,26,20,20,37,56,50,9,31,34,22,25,39,33,26,25,39
2018-02-11,43,26,19,25,23,20,27,20,36,33,35,20,15,20,26,25,11,30,24,62,27,38,28,23,25,17,19,16,17,14,53,29,51,33,8,21,29,18,38,14,47,9,29,25,27,33,30,26,22,23,20
2018-02-18,7,26,10,5,15,18,27,0,20,16,13,0,10,8,14,9,3,15,10,25,15,17,13,7,3,10,23,11,13,22,24,10,22,14,5,10,12,4,14,20,21,4,14,12,16,24,12,9,18,10,13
2018-02-25,12,9,11,2,8,6,15,3,15,9,7,6,0,6,7,4,0,9,9,5,9,9,11,6,6,7,9,14,26,0,14,3,13,6,5,7,8,8,12,5,6,18,9,8,13,18,9,13,13,5,0
2018-03-04,2,0,5,4,7,7,4,0,0,6,5,13,10,5,8,6,0,3,2,14,7,4,7,5,3,4,19,5,13,9,6,13,8,4,10,5,4,5,7,0,8,0,8,5,9,0,8,6,9,10,14
2018-03-11,7,0,6,2,6,3,4,3,5,2,4,0,10,4,5,0,5,6,4,5,8,4,4,11,3,5,0,2,22,0,5,6,7,4,5,4,3,4,4,10,2,0,4,4,0,0,2,3,0,2,0
2018-03-18,5,0,8,3,6,1,3,0,0,6,3,7,0,3,3,0,2,6,3,0,4,5,4,6,6,2,10,2,10,23,3,0,6,5,5,3,3,3,6,5,2,4,3,4,2,9,2,4,4,8,0
2018-03-25,2,0,2,0,6,2,0,3,0,4,6,0,6,3,5,0,5,4,3,10,4,4,5,4,0,4,10,2,0,9,5,3,4,3,0,5,2,3,5,5,3,5,1,3,9,0,3,4,14,4,0
2018-04-01,2,35,4,2,5,3,1,0,5,4,6,6,5,3,8,2,3,2,4,0,3,3,5,1,9,3,10,0,3,9,2,0,6,3,0,2,2,2,3,5,11,0,1,2,0,0,4,3,0,3,0
2018-04-08,2,0,4,0,3,2,1,0,5,4,4,0,5,2,3,4,0,6,4,10,3,2,5,3,9,1,0,0,7,0,3,3,4,4,8,5,3,6,3,5,2,0,3,2,2,0,5,3,5,2,0
2018-04-15,4,0,6,2,2,0,0,0,5,4,1,7,0,2,5,2,3,2,2,0,2,3,2,3,0,3,0,7,7,0,5,7,6,2,0,2,2,0,4,0,5,0,1,2,9,0,2,5,0,1,0
2018-04-22,3,0,4,4,3,5,1,0,0,3,1,0,5,1,2,0,0,3,2,5,3,3,6,3,3,2,0,2,7,5,4,0,5,3,6,3,6,1,4,5,2,5,1,3,5,0,2,3,5,3,0
2018-04-29,0,8,1,2,3,1,3,0,0,2,3,0,5,1,5,0,0,3,0,0,3,2,4,5,0,2,0,2,0,5,3,7,4,2,0,2,3,3,2,0,0,0,0,2,0,9,3,3,5,2,0
2018-05-06,0,9,2,0,2,2,1,0,0,2,3,13,0,1,1,2,0,3,2,0,3,1,2,2,0,1,10,5,3,0,2,3,4,1,0,1,2,2,1,0,5,0,1,2,2,0,1,2,0,5,0
2018-05-13,4,0,4,2,2,1,1,0,0,2,1,7,0,1,1,0,0,2,0,0,0,2,1,2,3,2,10,2,3,5,2,0,2,2,6,1,2,3,1,5,3,0,1,1,0,0,1,1,0,3,0
2018-05-20,8,0,1,2,2,1,1,0,0,2,3,7,0,1,1,0,2,3,4,0,1,2,1,0,3,0,0,0,3,0,2,0,3,3,0,2,2,4,1,5,3,0,3,1,0,0,3,2,0,2,0
2018-05-27,2,0,0,2,1,1,0,0,0,2,1,0,0,1,5,2,0,0,2,0,3,1,3,3,0,0,10,0,7,5,2,0,6,1,6,2,2,1,2,0,0,0,2,1,2,0,2,2,0,1,0
2018-06-03,2,0,0,2,2,8,1,3,0,2,2,0,5,1,0,2,4,2,2,5,2,1,2,2,0,0,0,5,3,0,2,0,4,2,6,1,2,1,1,0,2,0,2,1,0,0,2,2,0,2,0
2018-06-10,0,0,1,2,2,3,1,6,0,2,2,0,0,1,0,2,2,2,2,0,3,1,2,1,0,1,0,0,0,5,3,3,3,2,6,2,2,1,4,0,3,0,1,1,0,0,2,3,0,0,0
2018-06-17,4,0,0,2,2,0,1,0,0,3,1,0,0,1,1,0,0,0,2,0,2,1,2,2,0,1,0,0,0,5,2,3,2,1,0,1,2,0,2,0,4,0,3,1,0,10,2,1,0,0,0
2018-06-24,2,0,1,2,2,0,1,0,0,2,3,0,0,2,4,2,0,2,3,5,2,1,2,1,0,3,0,0,4,0,2,3,3,1,0,2,3,2,3,11,2,5,0,2,0,0,2,1,0,0,0
2018-07-01,8,0,4,0,1,1,2,0,0,3,2,0,0,1,3,2,0,2,6,5,2,1,3,0,0,1,0,3,4,0,1,0,3,2,0,3,2,3,2,5,5,0,1,2,0,0,1,1,0,3,0
2018-07-08,0,9,4,5,2,0,0,0,5,3,1,0,0,1,0,0,0,2,2,0,1,1,2,0,3,0,10,2,7,5,2,0,3,3,0,2,2,2,2,5,0,5,2,1,0,0,2,1,0,2,14
2018-07-15,0,0,8,0,2,0,2,0,0,2,2,0,0,1,3,0,0,2,2,0,2,3,3,2,6,0,0,3,0,0,2,0,2,2,0,1,2,2,1,5,3,0,3,2,0,0,0,2,10,2,0
2018-07-22,2,0,4,0,3,2,0,0,0,4,2,7,0,2,3,0,2,3,2,0,0,1,2,0,0,4,0,0,0,0,3,3,2,1,0,2,0,1,2,0,3,0,1,2,2,0,1,2,0,2,0
2018-07-29,2,0,3,5,3,5,5,0,5,4,3,7,0,1,1,2,0,3,3,0,4,2,3,1,3,1,20,0,3,0,6,3,2,5,0,2,3,3,2,0,8,0,2,4,5,0,1,1,0,2,0
2018-08-05,2,9,8,4,4,3,4,7,0,6,3,0,0,3,2,0,3,8,4,0,3,2,5,2,6,3,29,2,17,0,6,3,5,3,6,2,2,3,5,5,2,0,2,4,5,0,2,3,5,2,0
2018-08-12,4,0,6,5,7,6,4,0,0,7,3,14,5,4,2,7,0,5,6,0,2,3,5,2,6,4,0,5,0,5,7,0,6,4,6,5,3,4,7,5,5,0,3,6,5,0,1,3,5,4,14
2018-08-19,6,9,12,5,10,6,5,4,6,13,6,6,5,5,5,7,3,7,10,5,10,10,10,7,6,5,0,7,3,15,7,10,6,8,6,7,4,5,6,22,13,10,3,7,2,0,8,8,5,7,0
2018-08-26,14,9,15,7,13,15,1,7,5,17,12,0,0,6,4,12,5,6,9,0,7,7,9,3,0,16,10,14,17,10,11,7,9,11,12,9,2,10,8,21,15,0,11,11,7,0,9,8,19,6,14
2018-09-02,27,0,16,10,25,20,16,4,26,27,17,21,16,14,15,20,8,13,20,5,20,14,22,26,6,21,30,14,17,39,19,7,22,13,6,18,11,14,21,24,18,0,21,19,19,0,19,14,5,10,28
2018-09-09,41,9,32,18,45,21,23,32,15,42,28,47,52,31,24,28,38,32,27,38,24,27,35,32,29,18,29,25,27,38,37,26,34,17,11,27,25,18,33,5,13,14,30,30,36,27,25,33,18,19,27
2018-09-16,41,18,38,29,47,23,31,29,32,48,43,43,31,29,28,26,38,35,36,48,37,36,41,28,30,42,35,23,41,43,38,44,41,26,28,35,36,38,48,44,22,23,38,36,48,27,29,45,9,32,54
2018-09-23,52,46,53,45,66,44,36,19,57,54,59,78,57,47,55,54,44,54,38,39,49,55,77,52,56,61,54,48,79,62,60,68,56,45,48,51,54,40,63,29,60,32,49,55,49,36,45,57,28,48,41
2018-09-30,83,100,70,80,91,79,46,58,84,75,69,100,78,64,68,73,56,66,75,88,72,90,97,82,85,70,74,100,86,71,74,76,73,79,97,72,71,69,90,75,64,46,44,67,64,54,69,85,94,70,60
2018-10-07,73,65,88,62,87,82,67,53,100,65,65,44,100,73,96,64,69,76,77,59,84,93,93,81,47,89,82,62,100,66,89,73,78,85,100,78,72,100,86,81,76,42,87,63,97,89,81,89,76,89,90
2018-10-14,100,70,100,100,100,100,94,100,92,100,100,72,52,100,100,100,100,100,100,96,100,100,100,100,76,100,69,98,87,96,100,98,100,100,61,100,100,73,100,100,98,100,74,79,78,73,100,100,80,100,77
2018-10-21,98,51,79,78,77,80,100,56,69,81,78,64,95,69,94,93,78,75,61,87,86,84,79,80,73,91,99,74,90,94,97,78,93,86,51,87,60,58,91,54,87,24,75,61,83,45,81,77,100,77,100
2018-10-28,67,14,56,48,67,62,68,50,44,62,66,44,48,65,63,57,47,42,62,68,64,67,72,58,53,68,93,60,88,71,65,41,71,62,26,61,47,50,72,74,69,38,59,47,54,100,69,57,52,55,51
2018-11-04,64,15,44,48,56,47,47,49,31,55,47,55,48,43,59,44,29,40,44,62,43,50,58,46,48,52,28,42,56,61,61,45,52,51,50,50,38,41,55,24,66,31,34,33,50,18,38,55,63,44,27
2018-11-11,33,0,45,23,46,25,45,42,38,37,34,0,18,33,30,28,35,21,35,0,32,32,22,24,11,28,36,69,0,34,31,23,47,42,0,34,19,27,30,38,47,0,45,27,41,0,37,28,50,40,50
